content,time,score,Location#Transportation,Location#Downtown,Location#Easy_to_find,Service#Queue,Service#Hospitality,Service#Parking,Service#Timely,Price#Level,Price#Cost_effective,Price#Discount,Ambience#Decoration,Ambience#Noise,Ambience#Space,Ambience#Sanitary,Food#Portion,Food#Taste,Food#Appearance,Food#Recommend
快递在路上停了三天,2025-06-19 20:21:58,1,未提及,未提及,未提及,未提及,未提及,未提及,负面,未提及,未提及,未提及,未提及,未提及,未提及,未提及,未提及,未提及,未提及,未提及
快递给力，箱子压扁了，机器人回复，气死人,2025-03-09 20:21:58,1,未提及,未提及,未提及,未提及,负面,未提及,正面,未提及,未提及,未提及,负面,未提及,未提及,未提及,未提及,未提及,未提及,未提及
分量很足，盒子很好看，家里人都爱吃,2025-10-13 20:21:58,5,未提及,未提及,未提及,未提及,未提及,未提及,未提及,未提及,未提及,未提及,正面,未提及,未提及,未提及,正面,正面,未提及,未提及
别买，太甜了，腻死人,2025-07-18 20:21:58,1,未提及,未提及,未提及,未提及,未提及,未提及,未提及,未提及,未提及,未提及,未提及,未提及,未提及,未提及,未提及,负面,未提及,负面
漏气了，性价比超高，分量很足,2025-07-20 20:21:58,1,未提及,未提及,未提及,未提及,未提及,未提及,未提及,未提及,正面,未提及,负面,未提及,未提及,未提及,正面,未提及,未提及,未提及
个头太小了，送礼有面子，不值这个钱,2025-10-22 20:21:58,1,未提及,未提及,未提及,未提及,未提及,未提及,未提及,负面,未提及,未提及,正面,未提及,未提及,未提及,负面,未提及,未提及,未提及
态度恶劣，白菜价，性价比极低,2025-09-26 20:21:58,1,未提及,未提及,未提及,未提及,负面,未提及,未提及,正面,负面,未提及,未提及,未提及,未提及,未提及,未提及,未提及,未提及,未提及
满满一大包,2025-09-18 20:21:58,5,未提及,未提及,未提及,未提及,未提及,未提及,未提及,未提及,未提及,未提及,未提及,未提及,未提及,未提及,正面,未提及,未提及,未提及
肉很多，买到就是赚到，白菜价。,2025-07-30 20:21:58,5,未提及,未提及,未提及,未提及,未提及,未提及,未提及,正面,正面,未提及,未提及,未提及,未提及,未提及,正面,未提及,未提及,未提及
比超市贵多了，满满一大包，别买,2025-04-03 20:21:58,1,未提及,未提及,未提及,未提及,未提及,未提及,未提及,负面,未提及,未提及,未提及,未提及,未提及,未提及,正面,未提及,未提及,负面
太贵了，但是物流太慢了,2025-12-04 20:21:58,1,未提及,未提及,未提及,未提及,未提及,未提及,负面,负面,未提及,未提及,未提及,未提及,未提及,未提及,未提及,未提及,未提及,未提及
咸淡适中，味道刚好，态度恶劣，死贵死贵的,2025-05-24 20:21:58,1,未提及,未提及,未提及,未提及,负面,未提及,未提及,负面,未提及,未提及,未提及,未提及,未提及,未提及,未提及,正面,未提及,未提及
肉很多，入口即化，太香了，很划算,2025-07-05 20:21:58,5,未提及,未提及,未提及,未提及,未提及,未提及,未提及,未提及,正面,未提及,未提及,未提及,未提及,未提及,正面,正面,未提及,未提及
分量对得起价格，太甜了，腻死人。,2024-12-30 20:21:58,1,未提及,未提及,未提及,未提及,未提及,未提及,未提及,未提及,未提及,未提及,未提及,未提及,未提及,未提及,正面,负面,未提及,未提及
箱子压扁了，挺便宜的，发货慢吞吞,2025-05-06 20:21:58,1,未提及,未提及,未提及,未提及,未提及,未提及,负面,正面,未提及,未提及,负面,未提及,未提及,未提及,未提及,未提及,未提及,未提及
根本不值，分量太少了,2025-05-10 20:21:58,1,未提及,未提及,未提及,未提及,未提及,未提及,未提及,未提及,负面,未提及,未提及,未提及,未提及,未提及,负面,未提及,未提及,未提及
根本不值，但是缺斤少两。,2025-06-02 20:21:58,1,未提及,未提及,未提及,未提及,未提及,未提及,未提及,未提及,负面,未提及,未提及,未提及,未提及,未提及,负面,未提及,未提及,未提及
发货慢吞吞，不过个头很大,2025-10-24 20:21:58,1,未提及,未提及,未提及,未提及,未提及,未提及,负面,未提及,未提及,未提及,未提及,未提及,未提及,未提及,正面,未提及,未提及,未提及
物流很快,2025-04-15 20:21:58,5,未提及,未提及,未提及,未提及,未提及,未提及,正面,未提及,未提及,未提及,未提及,未提及,未提及,未提及,未提及,未提及,未提及,未提及
性价比超高，但是挺便宜的。,2025-04-16 20:21:58,5,未提及,未提及,未提及,未提及,未提及,未提及,未提及,正面,正面,未提及,未提及,未提及,未提及,未提及,未提及,未提及,未提及,未提及
服务热情,2025-06-27 20:21:58,5,未提及,未提及,未提及,未提及,正面,未提及,未提及,未提及,未提及,未提及,未提及,未提及,未提及,未提及,未提及,未提及,未提及,未提及
包装太简陋，但是个头太小了,2025-11-09 20:21:58,1,未提及,未提及,未提及,未提及,未提及,未提及,未提及,未提及,未提及,未提及,负面,未提及,未提及,未提及,负面,未提及,未提及,未提及
分量很足,2025-09-13 20:21:58,5,未提及,未提及,未提及,未提及,未提及,未提及,未提及,未提及,未提及,未提及,未提及,未提及,未提及,未提及,正面,未提及,未提及,未提及
包装破损，性价比极低，以后不会再来了。,2025-08-05 20:21:58,1,未提及,未提及,未提及,未提及,未提及,未提及,未提及,未提及,负面,未提及,负面,未提及,未提及,未提及,未提及,未提及,未提及,负面
口感丰富，层次分明,2025-07-08 20:21:58,5,未提及,未提及,未提及,未提及,未提及,未提及,未提及,未提及,未提及,未提及,未提及,未提及,未提及,未提及,未提及,正面,未提及,未提及
死贵死贵的，不过漏气了。,2025-05-02 20:21:58,1,未提及,未提及,未提及,未提及,未提及,未提及,未提及,负面,未提及,未提及,负面,未提及,未提及,未提及,未提及,未提及,未提及,未提及
白菜价，而且送礼有面子,2025-11-24 20:21:58,5,未提及,未提及,未提及,未提及,未提及,未提及,未提及,正面,未提及,未提及,正面,未提及,未提及,未提及,未提及,未提及,未提及,未提及
物超所值,2025-07-13 20:21:58,5,未提及,未提及,未提及,未提及,未提及,未提及,未提及,未提及,正面,未提及,未提及,未提及,未提及,未提及,未提及,未提及,未提及,未提及
硬得咬不动，而且还会再来,2025-10-01 20:21:58,1,未提及,未提及,未提及,未提及,未提及,未提及,未提及,未提及,未提及,未提及,未提及,未提及,未提及,未提及,未提及,负面,未提及,正面
还会再来。,2025-08-05 20:21:58,5,未提及,未提及,未提及,未提及,未提及,未提及,未提及,未提及,未提及,未提及,未提及,未提及,未提及,未提及,未提及,未提及,未提及,正面
物超所值，包装严实，售后处理及时,2024-12-21 20:21:58,5,未提及,未提及,未提及,未提及,正面,未提及,未提及,未提及,正面,未提及,正面,未提及,未提及,未提及,未提及,未提及,未提及,未提及
售后处理及时。,2025-06-23 20:21:58,5,未提及,未提及,未提及,未提及,正面,未提及,未提及,未提及,未提及,未提及,未提及,未提及,未提及,未提及,未提及,未提及,未提及,未提及
机器人回复，气死人，肉很多，包装太简陋,2025-01-08 20:21:58,1,未提及,未提及,未提及,未提及,负面,未提及,未提及,未提及,未提及,未提及,负面,未提及,未提及,未提及,正面,未提及,未提及,未提及
半天不回消息。一次性买卖,2025-09-15 20:21:58,1,未提及,未提及,未提及,未提及,负面,未提及,未提及,未提及,未提及,未提及,未提及,未提及,未提及,未提及,未提及,未提及,未提及,负面
包装精美。价格便宜,2025-10-11 20:21:58,5,未提及,未提及,未提及,未提及,未提及,未提及,未提及,正面,未提及,未提及,正面,未提及,未提及,未提及,未提及,未提及,未提及,未提及
包装太简陋，但是智商税。,2025-09-26 20:21:58,1,未提及,未提及,未提及,未提及,未提及,未提及,未提及,未提及,负面,未提及,负面,未提及,未提及,未提及,未提及,未提及,未提及,未提及
入口即化，太香了，但是包装精美,2025-07-02 20:21:58,5,未提及,未提及,未提及,未提及,未提及,未提及,未提及,未提及,未提及,未提及,正面,未提及,未提及,未提及,未提及,正面,未提及,未提及
一点都不新鲜,2024-12-27 20:21:58,1,未提及,未提及,未提及,未提及,未提及,未提及,未提及,未提及,未提及,未提及,未提及,未提及,未提及,未提及,未提及,负面,未提及,未提及
不推荐购买，亏了，白菜价，发货速度神速。,2025-01-10 20:21:58,1,未提及,未提及,未提及,未提及,未提及,未提及,正面,正面,负面,未提及,未提及,未提及,未提及,未提及,未提及,未提及,未提及,未提及
无限回购,2025-05-29 20:21:58,5,未提及,未提及,未提及,未提及,未提及,未提及,未提及,未提及,未提及,未提及,未提及,未提及,未提及,未提及,未提及,未提及,未提及,正面
客服很有耐心，而且发货慢吞吞,2025-03-08 20:21:58,1,未提及,未提及,未提及,未提及,正面,未提及,负面,未提及,未提及,未提及,未提及,未提及,未提及,未提及,未提及,未提及,未提及,未提及
强烈推荐，不过价格实惠,2025-01-28 20:21:58,5,未提及,未提及,未提及,未提及,未提及,未提及,未提及,正面,未提及,未提及,未提及,未提及,未提及,未提及,未提及,未提及,未提及,正面
很划算，不过一次性买卖,2025-08-17 20:21:58,1,未提及,未提及,未提及,未提及,未提及,未提及,未提及,未提及,正面,未提及,未提及,未提及,未提及,未提及,未提及,未提及,未提及,负面
太甜了，腻死人，不推荐购买，亏了，价格便宜。,2025-02-01 20:21:58,1,未提及,未提及,未提及,未提及,未提及,未提及,未提及,正面,负面,未提及,未提及,未提及,未提及,未提及,未提及,负面,未提及,未提及
盒子很好看,2025-03-28 20:21:58,5,未提及,未提及,未提及,未提及,未提及,未提及,未提及,未提及,未提及,未提及,正面,未提及,未提及,未提及,未提及,未提及,未提及,未提及
味道绝绝子，态度恶劣，个头太小了,2025-04-08 20:21:58,1,未提及,未提及,未提及,未提及,负面,未提及,未提及,未提及,未提及,未提及,未提及,未提及,未提及,未提及,负面,正面,未提及,未提及
缺斤少两，而且售后处理及时,2025-06-21 20:21:58,1,未提及,未提及,未提及,未提及,正面,未提及,未提及,未提及,未提及,未提及,未提及,未提及,未提及,未提及,负面,未提及,未提及,未提及
值得购买，不过比超市贵多了,2025-07-19 20:21:58,1,未提及,未提及,未提及,未提及,未提及,未提及,未提及,负面,未提及,未提及,未提及,未提及,未提及,未提及,未提及,未提及,未提及,正面
个头太小了，以后不会再来了，太甜了，腻死人,2025-05-06 20:21:58,1,未提及,未提及,未提及,未提及,未提及,未提及,未提及,未提及,未提及,未提及,未提及,未提及,未提及,未提及,负面,负面,未提及,负面
避雷,2025-08-30 20:21:58,1,未提及,未提及,未提及,未提及,未提及,未提及,未提及,未提及,未提及,未提及,未提及,未提及,未提及,未提及,未提及,未提及,未提及,负面
半天不回消息，快递给力，盒子很好看,2025-08-11 20:21:58,1,未提及,未提及,未提及,未提及,负面,未提及,正面,未提及,未提及,未提及,正面,未提及,未提及,未提及,未提及,未提及,未提及,未提及
半天不回消息，性价比超高，还会再来,2025-04-12 20:21:58,1,未提及,未提及,未提及,未提及,负面,未提及,未提及,未提及,正面,未提及,未提及,未提及,未提及,未提及,未提及,未提及,未提及,正面
等了一个世纪，而且缺斤少两。,2025-06-27 20:21:58,1,未提及,未提及,未提及,未提及,未提及,未提及,负面,未提及,未提及,未提及,未提及,未提及,未提及,未提及,负面,未提及,未提及,未提及
个头太小了，根本不值，还会再来,2025-04-08 20:21:58,1,未提及,未提及,未提及,未提及,未提及,未提及,未提及,未提及,负面,未提及,未提及,未提及,未提及,未提及,负面,未提及,未提及,正面
性价比超高，太甜了，腻死人，全是包装袋,2025-07-16 20:21:58,1,未提及,未提及,未提及,未提及,未提及,未提及,未提及,未提及,正面,未提及,未提及,未提及,未提及,未提及,负面,负面,未提及,未提及
售后处理及时,2025-08-13 20:21:58,5,未提及,未提及,未提及,未提及,正面,未提及,未提及,未提及,未提及,未提及,未提及,未提及,未提及,未提及,未提及,未提及,未提及,未提及
客服很有耐心。无限回购。,2025-05-17 20:21:58,5,未提及,未提及,未提及,未提及,正面,未提及,未提及,未提及,未提及,未提及,未提及,未提及,未提及,未提及,未提及,未提及,未提及,正面
很划算，值得购买，包装太简陋,2025-09-21 20:21:58,1,未提及,未提及,未提及,未提及,未提及,未提及,未提及,未提及,正面,未提及,负面,未提及,未提及,未提及,未提及,未提及,未提及,正面
发货速度神速,2025-08-09 20:21:58,5,未提及,未提及,未提及,未提及,未提及,未提及,正面,未提及,未提及,未提及,未提及,未提及,未提及,未提及,未提及,未提及,未提及,未提及
分量很足,2025-12-03 20:21:58,5,未提及,未提及,未提及,未提及,未提及,未提及,未提及,未提及,未提及,未提及,未提及,未提及,未提及,未提及,正面,未提及,未提及,未提及
避雷,2025-02-02 20:21:58,1,未提及,未提及,未提及,未提及,未提及,未提及,未提及,未提及,未提及,未提及,未提及,未提及,未提及,未提及,未提及,未提及,未提及,负面
发货慢吞吞。口感丰富，层次分明,2025-06-18 20:21:58,1,未提及,未提及,未提及,未提及,未提及,未提及,负面,未提及,未提及,未提及,未提及,未提及,未提及,未提及,未提及,正面,未提及,未提及
箱子压扁了,2025-12-01 20:21:58,1,未提及,未提及,未提及,未提及,未提及,未提及,未提及,未提及,未提及,未提及,负面,未提及,未提及,未提及,未提及,未提及,未提及,未提及
太甜了，腻死人,2025-08-16 20:21:58,1,未提及,未提及,未提及,未提及,未提及,未提及,未提及,未提及,未提及,未提及,未提及,未提及,未提及,未提及,未提及,负面,未提及,未提及
包装严实,2025-09-16 20:21:58,5,未提及,未提及,未提及,未提及,未提及,未提及,未提及,未提及,未提及,未提及,正面,未提及,未提及,未提及,未提及,未提及,未提及,未提及
价格实惠，不过半天不回消息,2025-02-11 20:21:58,1,未提及,未提及,未提及,未提及,负面,未提及,未提及,正面,未提及,未提及,未提及,未提及,未提及,未提及,未提及,未提及,未提及,未提及
物超所值，但是态度恶劣,2025-03-22 20:21:58,1,未提及,未提及,未提及,未提及,负面,未提及,未提及,未提及,正面,未提及,未提及,未提及,未提及,未提及,未提及,未提及,未提及,未提及
包装严实，不值这个钱,2025-09-26 20:21:58,1,未提及,未提及,未提及,未提及,未提及,未提及,未提及,负面,未提及,未提及,正面,未提及,未提及,未提及,未提及,未提及,未提及,未提及
售后处理及时，而且买到就是赚到,2025-05-08 20:21:58,5,未提及,未提及,未提及,未提及,正面,未提及,未提及,未提及,正面,未提及,未提及,未提及,未提及,未提及,未提及,未提及,未提及,未提及
真的很好吃，比超市贵多了,2025-07-06 20:21:58,1,未提及,未提及,未提及,未提及,未提及,未提及,未提及,负面,未提及,未提及,未提及,未提及,未提及,未提及,未提及,正面,未提及,未提及
口感像嚼蜡,2024-12-21 20:21:58,1,未提及,未提及,未提及,未提及,未提及,未提及,未提及,未提及,未提及,未提及,未提及,未提及,未提及,未提及,未提及,负面,未提及,未提及
客服爱答不理，快递给力，肉很多,2025-02-12 20:21:58,1,未提及,未提及,未提及,未提及,负面,未提及,正面,未提及,未提及,未提及,未提及,未提及,未提及,未提及,正面,未提及,未提及,未提及
分量很足，半天不回消息，箱子压扁了。,2025-01-20 20:21:58,1,未提及,未提及,未提及,未提及,负面,未提及,未提及,未提及,未提及,未提及,负面,未提及,未提及,未提及,正面,未提及,未提及,未提及
强烈推荐，包装严实，物流太慢了,2025-02-26 20:21:58,1,未提及,未提及,未提及,未提及,未提及,未提及,负面,未提及,未提及,未提及,正面,未提及,未提及,未提及,未提及,未提及,未提及,正面
价格实惠。很划算,2025-03-06 20:21:58,5,未提及,未提及,未提及,未提及,未提及,未提及,未提及,正面,正面,未提及,未提及,未提及,未提及,未提及,未提及,未提及,未提及,未提及
盒子很好看，个头很大，入口即化，太香了,2025-02-28 20:21:58,5,未提及,未提及,未提及,未提及,未提及,未提及,未提及,未提及,未提及,未提及,正面,未提及,未提及,未提及,正面,正面,未提及,未提及
无限回购,2025-07-10 20:21:58,5,未提及,未提及,未提及,未提及,未提及,未提及,未提及,未提及,未提及,未提及,未提及,未提及,未提及,未提及,未提及,未提及,未提及,正面
机器人回复，气死人，很划算，比超市贵多了,2025-07-16 20:21:58,1,未提及,未提及,未提及,未提及,负面,未提及,未提及,负面,正面,未提及,未提及,未提及,未提及,未提及,未提及,未提及,未提及,未提及
价格有点高。,2025-11-02 20:21:58,1,未提及,未提及,未提及,未提及,未提及,未提及,未提及,负面,未提及,未提及,未提及,未提及,未提及,未提及,未提及,未提及,未提及,未提及
价格实惠,2025-05-21 20:21:58,5,未提及,未提及,未提及,未提及,未提及,未提及,未提及,正面,未提及,未提及,未提及,未提及,未提及,未提及,未提及,未提及,未提及,未提及
个头太小了，昨天下单今天就到了，不值这个钱,2025-07-17 20:21:58,1,未提及,未提及,未提及,未提及,未提及,未提及,正面,负面,未提及,未提及,未提及,未提及,未提及,未提及,负面,未提及,未提及,未提及
不推荐购买，亏了，半天不回消息,2024-12-24 20:21:58,1,未提及,未提及,未提及,未提及,负面,未提及,未提及,未提及,负面,未提及,未提及,未提及,未提及,未提及,未提及,未提及,未提及,未提及
强烈推荐，服务热情,2025-06-29 20:21:58,5,未提及,未提及,未提及,未提及,正面,未提及,未提及,未提及,未提及,未提及,未提及,未提及,未提及,未提及,未提及,未提及,未提及,正面
性价比极低,2025-10-30 20:21:58,1,未提及,未提及,未提及,未提及,未提及,未提及,未提及,未提及,负面,未提及,未提及,未提及,未提及,未提及,未提及,未提及,未提及,未提及
全是包装袋，性价比超高，价格有点高,2025-10-16 20:21:58,1,未提及,未提及,未提及,未提及,未提及,未提及,未提及,负面,正面,未提及,未提及,未提及,未提及,未提及,负面,未提及,未提及,未提及
不值这个钱，物流太慢了，避雷,2025-07-11 20:21:58,1,未提及,未提及,未提及,未提及,未提及,未提及,负面,负面,未提及,未提及,未提及,未提及,未提及,未提及,未提及,未提及,未提及,负面
物超所值,2025-04-26 20:21:58,5,未提及,未提及,未提及,未提及,未提及,未提及,未提及,未提及,正面,未提及,未提及,未提及,未提及,未提及,未提及,未提及,未提及,未提及
别买，个头很大,2025-02-22 20:21:58,1,未提及,未提及,未提及,未提及,未提及,未提及,未提及,未提及,未提及,未提及,未提及,未提及,未提及,未提及,正面,未提及,未提及,负面
还会再来，个头太小了，客服很有耐心,2025-03-05 20:21:58,1,未提及,未提及,未提及,未提及,正面,未提及,未提及,未提及,未提及,未提及,未提及,未提及,未提及,未提及,负面,未提及,未提及,正面
个头很大，不过不值这个钱。,2025-10-16 20:21:58,1,未提及,未提及,未提及,未提及,未提及,未提及,未提及,负面,未提及,未提及,未提及,未提及,未提及,未提及,正面,未提及,未提及,未提及
服务热情，箱子压扁了。,2024-12-29 20:21:58,1,未提及,未提及,未提及,未提及,正面,未提及,未提及,未提及,未提及,未提及,负面,未提及,未提及,未提及,未提及,未提及,未提及,未提及
比超市贵多了，而且缺斤少两,2025-11-22 20:21:58,1,未提及,未提及,未提及,未提及,未提及,未提及,未提及,负面,未提及,未提及,未提及,未提及,未提及,未提及,负面,未提及,未提及,未提及
性价比极低，包装严实，真的很好吃,2025-12-04 20:21:58,1,未提及,未提及,未提及,未提及,未提及,未提及,未提及,未提及,负面,未提及,正面,未提及,未提及,未提及,未提及,正面,未提及,未提及
发货慢吞吞,2025-07-01 20:21:58,1,未提及,未提及,未提及,未提及,未提及,未提及,负面,未提及,未提及,未提及,未提及,未提及,未提及,未提及,未提及,未提及,未提及,未提及
半天不回消息，快递在路上停了三天，漏气了,2025-09-03 20:21:58,1,未提及,未提及,未提及,未提及,负面,未提及,负面,未提及,未提及,未提及,负面,未提及,未提及,未提及,未提及,未提及,未提及,未提及
智商税，太甜了，腻死人,2025-01-20 20:21:58,1,未提及,未提及,未提及,未提及,未提及,未提及,未提及,未提及,负面,未提及,未提及,未提及,未提及,未提及,未提及,负面,未提及,未提及
半天不回消息，根本不值,2025-05-17 20:21:58,1,未提及,未提及,未提及,未提及,负面,未提及,未提及,未提及,负面,未提及,未提及,未提及,未提及,未提及,未提及,未提及,未提及,未提及
一次性买卖，包装严实，味道很怪,2025-10-31 20:21:58,1,未提及,未提及,未提及,未提及,未提及,未提及,未提及,未提及,未提及,未提及,正面,未提及,未提及,未提及,未提及,负面,未提及,负面
不值这个钱，送礼有面子,2025-09-03 20:21:58,1,未提及,未提及,未提及,未提及,未提及,未提及,未提及,负面,未提及,未提及,正面,未提及,未提及,未提及,未提及,未提及,未提及,未提及
包装精美,2025-09-30 20:21:58,5,未提及,未提及,未提及,未提及,未提及,未提及,未提及,未提及,未提及,未提及,正面,未提及,未提及,未提及,未提及,未提及,未提及,未提及
性价比超高，分量太少了，味道很正宗,2025-05-10 20:21:58,1,未提及,未提及,未提及,未提及,未提及,未提及,未提及,未提及,正面,未提及,未提及,未提及,未提及,未提及,负面,正面,未提及,未提及
性价比极低，而且价格便宜。,2025-04-27 20:21:58,1,未提及,未提及,未提及,未提及,未提及,未提及,未提及,正面,负面,未提及,未提及,未提及,未提及,未提及,未提及,未提及,未提及,未提及
发货慢吞吞。避雷。,2025-09-22 20:21:58,1,未提及,未提及,未提及,未提及,未提及,未提及,负面,未提及,未提及,未提及,未提及,未提及,未提及,未提及,未提及,未提及,未提及,负面
避雷,2025-08-30 20:21:58,1,未提及,未提及,未提及,未提及,未提及,未提及,未提及,未提及,未提及,未提及,未提及,未提及,未提及,未提及,未提及,未提及,未提及,负面
太贵了,2025-07-12 20:21:58,1,未提及,未提及,未提及,未提及,未提及,未提及,未提及,负面,未提及,未提及,未提及,未提及,未提及,未提及,未提及,未提及,未提及,未提及
买到就是赚到，无限回购,2025-03-23 20:21:58,5,未提及,未提及,未提及,未提及,未提及,未提及,未提及,未提及,正面,未提及,未提及,未提及,未提及,未提及,未提及,未提及,未提及,正面
无限回购，不过发货慢吞吞。,2025-05-03 20:21:58,1,未提及,未提及,未提及,未提及,未提及,未提及,负面,未提及,未提及,未提及,未提及,未提及,未提及,未提及,未提及,未提及,未提及,正面
挺便宜的，而且味道绝绝子,2025-09-01 20:21:58,5,未提及,未提及,未提及,未提及,未提及,未提及,未提及,正面,未提及,未提及,未提及,未提及,未提及,未提及,未提及,正面,未提及,未提及
口感像嚼蜡,2025-04-17 20:21:58,1,未提及,未提及,未提及,未提及,未提及,未提及,未提及,未提及,未提及,未提及,未提及,未提及,未提及,未提及,未提及,负面,未提及,未提及
无限回购,2025-05-19 20:21:58,5,未提及,未提及,未提及,未提及,未提及,未提及,未提及,未提及,未提及,未提及,未提及,未提及,未提及,未提及,未提及,未提及,未提及,正面
半天不回消息，箱子压扁了，味道很正宗,2025-11-14 20:21:58,1,未提及,未提及,未提及,未提及,负面,未提及,未提及,未提及,未提及,未提及,负面,未提及,未提及,未提及,未提及,正面,未提及,未提及
盒子很好看。强烈推荐,2025-06-03 20:21:58,5,未提及,未提及,未提及,未提及,未提及,未提及,未提及,未提及,未提及,未提及,正面,未提及,未提及,未提及,未提及,未提及,未提及,正面
无限回购，而且缺斤少两,2025-12-04 20:21:58,1,未提及,未提及,未提及,未提及,未提及,未提及,未提及,未提及,未提及,未提及,未提及,未提及,未提及,未提及,负面,未提及,未提及,正面
很划算。硬得咬不动,2025-04-22 20:21:58,1,未提及,未提及,未提及,未提及,未提及,未提及,未提及,未提及,正面,未提及,未提及,未提及,未提及,未提及,未提及,负面,未提及,未提及
快递在路上停了三天，机器人回复，气死人，不值这个钱,2024-12-22 20:21:58,1,未提及,未提及,未提及,未提及,负面,未提及,负面,负面,未提及,未提及,未提及,未提及,未提及,未提及,未提及,未提及,未提及,未提及
物流太慢了，以后不会再来了，箱子压扁了,2025-05-21 20:21:58,1,未提及,未提及,未提及,未提及,未提及,未提及,负面,未提及,未提及,未提及,负面,未提及,未提及,未提及,未提及,未提及,未提及,负面
别买，不过半天不回消息,2025-07-25 20:21:58,1,未提及,未提及,未提及,未提及,负面,未提及,未提及,未提及,未提及,未提及,未提及,未提及,未提及,未提及,未提及,未提及,未提及,负面
发货速度神速。,2025-06-29 20:21:58,5,未提及,未提及,未提及,未提及,未提及,未提及,正面,未提及,未提及,未提及,未提及,未提及,未提及,未提及,未提及,未提及,未提及,未提及
物超所值，但是盒子很好看,2025-03-23 20:21:58,5,未提及,未提及,未提及,未提及,未提及,未提及,未提及,未提及,正面,未提及,正面,未提及,未提及,未提及,未提及,未提及,未提及,未提及
物流很快。盒子很好看,2025-03-31 20:21:58,5,未提及,未提及,未提及,未提及,未提及,未提及,正面,未提及,未提及,未提及,正面,未提及,未提及,未提及,未提及,未提及,未提及,未提及
价格实惠。发货慢吞吞,2025-04-25 20:21:58,1,未提及,未提及,未提及,未提及,未提及,未提及,负面,正面,未提及,未提及,未提及,未提及,未提及,未提及,未提及,未提及,未提及,未提及
发货慢吞吞,2025-02-24 20:21:58,1,未提及,未提及,未提及,未提及,未提及,未提及,负面,未提及,未提及,未提及,未提及,未提及,未提及,未提及,未提及,未提及,未提及,未提及
客服态度很好，性价比超高。,2025-09-25 20:21:58,5,未提及,未提及,未提及,未提及,正面,未提及,未提及,未提及,正面,未提及,未提及,未提及,未提及,未提及,未提及,未提及,未提及,未提及
一次性买卖，盒子很好看，服务热情,2025-12-07 20:21:58,1,未提及,未提及,未提及,未提及,正面,未提及,未提及,未提及,未提及,未提及,正面,未提及,未提及,未提及,未提及,未提及,未提及,负面
分量太少了，快递给力，有一股哈喇味,2025-03-04 20:21:58,1,未提及,未提及,未提及,未提及,未提及,未提及,正面,未提及,未提及,未提及,未提及,未提及,未提及,未提及,负面,负面,未提及,未提及
不值这个钱,2025-10-29 20:21:58,1,未提及,未提及,未提及,未提及,未提及,未提及,未提及,负面,未提及,未提及,未提及,未提及,未提及,未提及,未提及,未提及,未提及,未提及
昨天下单今天就到了。分量太少了,2025-09-06 20:21:58,1,未提及,未提及,未提及,未提及,未提及,未提及,正面,未提及,未提及,未提及,未提及,未提及,未提及,未提及,负面,未提及,未提及,未提及
有一股哈喇味，肉很多，客服态度很好,2025-08-26 20:21:58,1,未提及,未提及,未提及,未提及,正面,未提及,未提及,未提及,未提及,未提及,未提及,未提及,未提及,未提及,正面,负面,未提及,未提及
物流太慢了,2025-10-12 20:21:58,1,未提及,未提及,未提及,未提及,未提及,未提及,负面,未提及,未提及,未提及,未提及,未提及,未提及,未提及,未提及,未提及,未提及,未提及
咸淡适中，味道刚好。分量很足,2025-05-26 20:21:58,5,未提及,未提及,未提及,未提及,未提及,未提及,未提及,未提及,未提及,未提及,未提及,未提及,未提及,未提及,正面,正面,未提及,未提及
有一股哈喇味，但是分量太少了,2025-06-01 20:21:58,1,未提及,未提及,未提及,未提及,未提及,未提及,未提及,未提及,未提及,未提及,未提及,未提及,未提及,未提及,负面,负面,未提及,未提及
价格实惠，售后处理及时。,2025-06-28 20:21:58,5,未提及,未提及,未提及,未提及,正面,未提及,未提及,正面,未提及,未提及,未提及,未提及,未提及,未提及,未提及,未提及,未提及,未提及
个头太小了。客服态度很好。,2025-03-26 20:21:58,1,未提及,未提及,未提及,未提及,正面,未提及,未提及,未提及,未提及,未提及,未提及,未提及,未提及,未提及,负面,未提及,未提及,未提及
送礼有面子，而且满满一大包。,2025-02-17 20:21:58,5,未提及,未提及,未提及,未提及,未提及,未提及,未提及,未提及,未提及,未提及,正面,未提及,未提及,未提及,正面,未提及,未提及,未提及
个头很大，别买，性价比超高,2025-01-28 20:21:58,1,未提及,未提及,未提及,未提及,未提及,未提及,未提及,未提及,正面,未提及,未提及,未提及,未提及,未提及,正面,未提及,未提及,负面
买到就是赚到,2025-06-26 20:21:58,5,未提及,未提及,未提及,未提及,未提及,未提及,未提及,未提及,正面,未提及,未提及,未提及,未提及,未提及,未提及,未提及,未提及,未提及
白菜价,2025-11-02 20:21:58,5,未提及,未提及,未提及,未提及,未提及,未提及,未提及,正面,未提及,未提及,未提及,未提及,未提及,未提及,未提及,未提及,未提及,未提及
真的很好吃,2025-11-28 20:21:58,5,未提及,未提及,未提及,未提及,未提及,未提及,未提及,未提及,未提及,未提及,未提及,未提及,未提及,未提及,未提及,正面,未提及,未提及
值得购买，但是不值这个钱,2025-05-21 20:21:58,1,未提及,未提及,未提及,未提及,未提及,未提及,未提及,负面,未提及,未提及,未提及,未提及,未提及,未提及,未提及,未提及,未提及,正面
比超市贵多了，但是包装精美。,2025-12-15 20:21:58,1,未提及,未提及,未提及,未提及,未提及,未提及,未提及,负面,未提及,未提及,正面,未提及,未提及,未提及,未提及,未提及,未提及,未提及
价格实惠，服务热情，以后不会再来了,2025-01-24 20:21:58,1,未提及,未提及,未提及,未提及,正面,未提及,未提及,正面,未提及,未提及,未提及,未提及,未提及,未提及,未提及,未提及,未提及,负面
包装严实，而且别买。,2025-10-31 20:21:58,1,未提及,未提及,未提及,未提及,未提及,未提及,未提及,未提及,未提及,未提及,正面,未提及,未提及,未提及,未提及,未提及,未提及,负面
还会再来，发货速度神速。,2025-04-08 20:21:58,5,未提及,未提及,未提及,未提及,未提及,未提及,正面,未提及,未提及,未提及,未提及,未提及,未提及,未提及,未提及,未提及,未提及,正面
价格有点高，味道很怪，客服爱答不理。,2024-12-28 20:21:58,1,未提及,未提及,未提及,未提及,负面,未提及,未提及,负面,未提及,未提及,未提及,未提及,未提及,未提及,未提及,负面,未提及,未提及
味道绝绝子，价格便宜，昨天下单今天就到了。,2025-08-14 20:21:58,5,未提及,未提及,未提及,未提及,未提及,未提及,正面,正面,未提及,未提及,未提及,未提及,未提及,未提及,未提及,正面,未提及,未提及
服务热情，根本不值，漏气了,2025-07-14 20:21:58,1,未提及,未提及,未提及,未提及,正面,未提及,未提及,未提及,负面,未提及,负面,未提及,未提及,未提及,未提及,未提及,未提及,未提及
很划算，避雷，客服很有耐心,2025-09-17 20:21:58,1,未提及,未提及,未提及,未提及,正面,未提及,未提及,未提及,正面,未提及,未提及,未提及,未提及,未提及,未提及,未提及,未提及,负面
售后处理及时,2025-06-28 20:21:58,5,未提及,未提及,未提及,未提及,正面,未提及,未提及,未提及,未提及,未提及,未提及,未提及,未提及,未提及,未提及,未提及,未提及,未提及
服务热情，而且避雷。,2025-10-11 20:21:58,1,未提及,未提及,未提及,未提及,正面,未提及,未提及,未提及,未提及,未提及,未提及,未提及,未提及,未提及,未提及,未提及,未提及,负面
售后处理及时,2025-04-16 20:21:58,5,未提及,未提及,未提及,未提及,正面,未提及,未提及,未提及,未提及,未提及,未提及,未提及,未提及,未提及,未提及,未提及,未提及,未提及
买到就是赚到，但是物流太慢了,2025-06-24 20:21:58,1,未提及,未提及,未提及,未提及,未提及,未提及,负面,未提及,正面,未提及,未提及,未提及,未提及,未提及,未提及,未提及,未提及,未提及
价格便宜,2025-07-14 20:21:58,5,未提及,未提及,未提及,未提及,未提及,未提及,未提及,正面,未提及,未提及,未提及,未提及,未提及,未提及,未提及,未提及,未提及,未提及
盒子很好看，而且肉很多,2025-11-08 20:21:58,5,未提及,未提及,未提及,未提及,未提及,未提及,未提及,未提及,未提及,未提及,正面,未提及,未提及,未提及,正面,未提及,未提及,未提及
发货慢吞吞,2025-11-20 20:21:58,1,未提及,未提及,未提及,未提及,未提及,未提及,负面,未提及,未提及,未提及,未提及,未提及,未提及,未提及,未提及,未提及,未提及,未提及
值得购买，不过挺便宜的,2025-02-24 20:21:58,5,未提及,未提及,未提及,未提及,未提及,未提及,未提及,正面,未提及,未提及,未提及,未提及,未提及,未提及,未提及,未提及,未提及,正面
有一股哈喇味,2025-12-01 20:21:58,1,未提及,未提及,未提及,未提及,未提及,未提及,未提及,未提及,未提及,未提及,未提及,未提及,未提及,未提及,未提及,负面,未提及,未提及
味道很怪。,2025-10-31 20:21:58,1,未提及,未提及,未提及,未提及,未提及,未提及,未提及,未提及,未提及,未提及,未提及,未提及,未提及,未提及,未提及,负面,未提及,未提及
不值这个钱。口感像嚼蜡。,2025-01-20 20:21:58,1,未提及,未提及,未提及,未提及,未提及,未提及,未提及,负面,未提及,未提及,未提及,未提及,未提及,未提及,未提及,负面,未提及,未提及
价格实惠，但是硬得咬不动,2025-04-21 20:21:58,1,未提及,未提及,未提及,未提及,未提及,未提及,未提及,正面,未提及,未提及,未提及,未提及,未提及,未提及,未提及,负面,未提及,未提及
价格实惠，不过很划算,2025-06-04 20:21:58,5,未提及,未提及,未提及,未提及,未提及,未提及,未提及,正面,正面,未提及,未提及,未提及,未提及,未提及,未提及,未提及,未提及,未提及
还会再来,2025-04-20 20:21:58,5,未提及,未提及,未提及,未提及,未提及,未提及,未提及,未提及,未提及,未提及,未提及,未提及,未提及,未提及,未提及,未提及,未提及,正面
态度恶劣，不过性价比极低,2025-03-08 20:21:58,1,未提及,未提及,未提及,未提及,负面,未提及,未提及,未提及,负面,未提及,未提及,未提及,未提及,未提及,未提及,未提及,未提及,未提及
有一股哈喇味。避雷,2025-05-12 20:21:58,1,未提及,未提及,未提及,未提及,未提及,未提及,未提及,未提及,未提及,未提及,未提及,未提及,未提及,未提及,未提及,负面,未提及,负面
太甜了，腻死人,2024-12-22 20:21:58,1,未提及,未提及,未提及,未提及,未提及,未提及,未提及,未提及,未提及,未提及,未提及,未提及,未提及,未提及,未提及,负面,未提及,未提及
半包都是空气，发货速度神速，口感丰富，层次分明,2025-09-21 20:21:58,1,未提及,未提及,未提及,未提及,未提及,未提及,正面,未提及,未提及,未提及,未提及,未提及,未提及,未提及,负面,正面,未提及,未提及
太甜了，腻死人，服务热情,2025-07-25 20:21:58,1,未提及,未提及,未提及,未提及,正面,未提及,未提及,未提及,未提及,未提及,未提及,未提及,未提及,未提及,未提及,负面,未提及,未提及
挺便宜的，满满一大包,2025-09-23 20:21:58,5,未提及,未提及,未提及,未提及,未提及,未提及,未提及,正面,未提及,未提及,未提及,未提及,未提及,未提及,正面,未提及,未提及,未提及
比超市贵多了。家里人都爱吃,2025-12-15 20:21:58,1,未提及,未提及,未提及,未提及,未提及,未提及,未提及,负面,未提及,未提及,未提及,未提及,未提及,未提及,未提及,正面,未提及,未提及
送礼有面子，而且还会再来,2025-05-23 20:21:58,5,未提及,未提及,未提及,未提及,未提及,未提及,未提及,未提及,未提及,未提及,正面,未提及,未提及,未提及,未提及,未提及,未提及,正面
挺便宜的，包装严实，昨天下单今天就到了,2025-02-01 20:21:58,5,未提及,未提及,未提及,未提及,未提及,未提及,正面,正面,未提及,未提及,正面,未提及,未提及,未提及,未提及,未提及,未提及,未提及
客服爱答不理，有一股哈喇味,2025-08-07 20:21:58,1,未提及,未提及,未提及,未提及,负面,未提及,未提及,未提及,未提及,未提及,未提及,未提及,未提及,未提及,未提及,负面,未提及,未提及
根本不值,2025-04-25 20:21:58,1,未提及,未提及,未提及,未提及,未提及,未提及,未提及,未提及,负面,未提及,未提及,未提及,未提及,未提及,未提及,未提及,未提及,未提及
根本不值，客服态度很好，挺便宜的,2025-12-12 20:21:58,1,未提及,未提及,未提及,未提及,正面,未提及,未提及,正面,负面,未提及,未提及,未提及,未提及,未提及,未提及,未提及,未提及,未提及
发货速度神速,2025-03-18 20:21:58,5,未提及,未提及,未提及,未提及,未提及,未提及,正面,未提及,未提及,未提及,未提及,未提及,未提及,未提及,未提及,未提及,未提及,未提及
包装太简陋，发货慢吞吞，分量对得起价格。,2025-05-03 20:21:58,1,未提及,未提及,未提及,未提及,未提及,未提及,负面,未提及,未提及,未提及,负面,未提及,未提及,未提及,正面,未提及,未提及,未提及
服务热情，不推荐购买，亏了，比超市贵多了,2025-05-04 20:21:58,1,未提及,未提及,未提及,未提及,正面,未提及,未提及,负面,负面,未提及,未提及,未提及,未提及,未提及,未提及,未提及,未提及,未提及
死贵死贵的,2025-09-12 20:21:58,1,未提及,未提及,未提及,未提及,未提及,未提及,未提及,负面,未提及,未提及,未提及,未提及,未提及,未提及,未提及,未提及,未提及,未提及
不推荐购买，亏了，而且还会再来,2025-04-17 20:21:58,1,未提及,未提及,未提及,未提及,未提及,未提及,未提及,未提及,负面,未提及,未提及,未提及,未提及,未提及,未提及,未提及,未提及,正面
半天不回消息,2025-01-10 20:21:58,1,未提及,未提及,未提及,未提及,负面,未提及,未提及,未提及,未提及,未提及,未提及,未提及,未提及,未提及,未提及,未提及,未提及,未提及
避雷，包装太简陋，分量太少了,2025-02-21 20:21:58,1,未提及,未提及,未提及,未提及,未提及,未提及,未提及,未提及,未提及,未提及,负面,未提及,未提及,未提及,负面,未提及,未提及,负面
太贵了,2025-07-21 20:21:58,1,未提及,未提及,未提及,未提及,未提及,未提及,未提及,负面,未提及,未提及,未提及,未提及,未提及,未提及,未提及,未提及,未提及,未提及
个头太小了，而且快递给力,2025-06-15 20:21:58,1,未提及,未提及,未提及,未提及,未提及,未提及,正面,未提及,未提及,未提及,未提及,未提及,未提及,未提及,负面,未提及,未提及,未提及
性价比超高，包装严实,2025-03-25 20:21:58,5,未提及,未提及,未提及,未提及,未提及,未提及,未提及,未提及,正面,未提及,正面,未提及,未提及,未提及,未提及,未提及,未提及,未提及
箱子压扁了，但是分量太少了,2025-01-18 20:21:58,1,未提及,未提及,未提及,未提及,未提及,未提及,未提及,未提及,未提及,未提及,负面,未提及,未提及,未提及,负面,未提及,未提及,未提及
太难吃了，不过死贵死贵的,2025-08-09 20:21:58,1,未提及,未提及,未提及,未提及,未提及,未提及,未提及,负面,未提及,未提及,未提及,未提及,未提及,未提及,未提及,负面,未提及,未提及
一点都不新鲜，价格便宜，物流太慢了,2025-05-21 20:21:58,1,未提及,未提及,未提及,未提及,未提及,未提及,负面,正面,未提及,未提及,未提及,未提及,未提及,未提及,未提及,负面,未提及,未提及
味道很正宗，死贵死贵的，客服很有耐心,2025-05-26 20:21:58,1,未提及,未提及,未提及,未提及,正面,未提及,未提及,负面,未提及,未提及,未提及,未提及,未提及,未提及,未提及,正面,未提及,未提及
客服爱答不理，价格便宜,2025-05-02 20:21:58,1,未提及,未提及,未提及,未提及,负面,未提及,未提及,正面,未提及,未提及,未提及,未提及,未提及,未提及,未提及,未提及,未提及,未提及
快递在路上停了三天。,2025-04-01 20:21:58,1,未提及,未提及,未提及,未提及,未提及,未提及,负面,未提及,未提及,未提及,未提及,未提及,未提及,未提及,未提及,未提及,未提及,未提及
盒子很好看，根本不值，白菜价,2025-08-25 20:21:58,1,未提及,未提及,未提及,未提及,未提及,未提及,未提及,正面,负面,未提及,正面,未提及,未提及,未提及,未提及,未提及,未提及,未提及
口感像嚼蜡,2025-08-20 20:21:58,1,未提及,未提及,未提及,未提及,未提及,未提及,未提及,未提及,未提及,未提及,未提及,未提及,未提及,未提及,未提及,负面,未提及,未提及
很划算。,2025-05-30 20:21:58,5,未提及,未提及,未提及,未提及,未提及,未提及,未提及,未提及,正面,未提及,未提及,未提及,未提及,未提及,未提及,未提及,未提及,未提及
买到就是赚到,2025-08-23 20:21:58,5,未提及,未提及,未提及,未提及,未提及,未提及,未提及,未提及,正面,未提及,未提及,未提及,未提及,未提及,未提及,未提及,未提及,未提及
咸淡适中，味道刚好，客服态度很好，价格便宜,2025-10-23 20:21:58,5,未提及,未提及,未提及,未提及,正面,未提及,未提及,正面,未提及,未提及,未提及,未提及,未提及,未提及,未提及,正面,未提及,未提及
死贵死贵的，而且强烈推荐,2025-10-09 20:21:58,1,未提及,未提及,未提及,未提及,未提及,未提及,未提及,负面,未提及,未提及,未提及,未提及,未提及,未提及,未提及,未提及,未提及,正面
咸淡适中，味道刚好,2024-12-26 20:21:58,5,未提及,未提及,未提及,未提及,未提及,未提及,未提及,未提及,未提及,未提及,未提及,未提及,未提及,未提及,未提及,正面,未提及,未提及
客服很有耐心。,2025-06-15 20:21:58,5,未提及,未提及,未提及,未提及,正面,未提及,未提及,未提及,未提及,未提及,未提及,未提及,未提及,未提及,未提及,未提及,未提及,未提及
缺斤少两。还会再来,2025-03-08 20:21:58,1,未提及,未提及,未提及,未提及,未提及,未提及,未提及,未提及,未提及,未提及,未提及,未提及,未提及,未提及,负面,未提及,未提及,正面
机器人回复，气死人。性价比极低,2025-02-27 20:21:58,1,未提及,未提及,未提及,未提及,负面,未提及,未提及,未提及,负面,未提及,未提及,未提及,未提及,未提及,未提及,未提及,未提及,未提及
别买,2025-04-24 20:21:58,1,未提及,未提及,未提及,未提及,未提及,未提及,未提及,未提及,未提及,未提及,未提及,未提及,未提及,未提及,未提及,未提及,未提及,负面
强烈推荐，而且等了一个世纪,2025-08-08 20:21:58,1,未提及,未提及,未提及,未提及,未提及,未提及,负面,未提及,未提及,未提及,未提及,未提及,未提及,未提及,未提及,未提及,未提及,正面
死贵死贵的。,2025-07-16 20:21:58,1,未提及,未提及,未提及,未提及,未提及,未提及,未提及,负面,未提及,未提及,未提及,未提及,未提及,未提及,未提及,未提及,未提及,未提及
快递在路上停了三天，买到就是赚到，无限回购,2025-06-21 20:21:58,1,未提及,未提及,未提及,未提及,未提及,未提及,负面,未提及,正面,未提及,未提及,未提及,未提及,未提及,未提及,未提及,未提及,正面
避雷,2025-06-05 20:21:58,1,未提及,未提及,未提及,未提及,未提及,未提及,未提及,未提及,未提及,未提及,未提及,未提及,未提及,未提及,未提及,未提及,未提及,负面
服务热情。,2025-03-07 20:21:58,5,未提及,未提及,未提及,未提及,正面,未提及,未提及,未提及,未提及,未提及,未提及,未提及,未提及,未提及,未提及,未提及,未提及,未提及
价格有点高，缺斤少两，售后处理及时。,2025-06-26 20:21:58,1,未提及,未提及,未提及,未提及,正面,未提及,未提及,负面,未提及,未提及,未提及,未提及,未提及,未提及,负面,未提及,未提及,未提及
客服很有耐心,2025-05-05 20:21:58,5,未提及,未提及,未提及,未提及,正面,未提及,未提及,未提及,未提及,未提及,未提及,未提及,未提及,未提及,未提及,未提及,未提及,未提及
值得购买，有一股哈喇味，物超所值,2025-03-24 20:21:58,1,未提及,未提及,未提及,未提及,未提及,未提及,未提及,未提及,正面,未提及,未提及,未提及,未提及,未提及,未提及,负面,未提及,正面
口感像嚼蜡，客服爱答不理，不值这个钱,2025-07-22 20:21:58,1,未提及,未提及,未提及,未提及,负面,未提及,未提及,负面,未提及,未提及,未提及,未提及,未提及,未提及,未提及,负面,未提及,未提及
物流很快，性价比超高，味道很正宗,2025-05-26 20:21:58,5,未提及,未提及,未提及,未提及,未提及,未提及,正面,未提及,正面,未提及,未提及,未提及,未提及,未提及,未提及,正面,未提及,未提及
挺便宜的。昨天下单今天就到了,2025-12-11 20:21:58,5,未提及,未提及,未提及,未提及,未提及,未提及,正面,正面,未提及,未提及,未提及,未提及,未提及,未提及,未提及,未提及,未提及,未提及
有一股哈喇味,2025-08-28 20:21:58,1,未提及,未提及,未提及,未提及,未提及,未提及,未提及,未提及,未提及,未提及,未提及,未提及,未提及,未提及,未提及,负面,未提及,未提及
分量很足，比超市贵多了，还会再来,2025-05-16 20:21:58,1,未提及,未提及,未提及,未提及,未提及,未提及,未提及,负面,未提及,未提及,未提及,未提及,未提及,未提及,正面,未提及,未提及,正面
咸淡适中，味道刚好，快递给力，半天不回消息,2025-11-17 20:21:58,1,未提及,未提及,未提及,未提及,负面,未提及,正面,未提及,未提及,未提及,未提及,未提及,未提及,未提及,未提及,正面,未提及,未提及
无限回购,2025-09-03 20:21:58,5,未提及,未提及,未提及,未提及,未提及,未提及,未提及,未提及,未提及,未提及,未提及,未提及,未提及,未提及,未提及,未提及,未提及,正面
半包都是空气，发货速度神速，半天不回消息,2025-10-10 20:21:58,1,未提及,未提及,未提及,未提及,负面,未提及,正面,未提及,未提及,未提及,未提及,未提及,未提及,未提及,负面,未提及,未提及,未提及
不推荐购买，亏了，半天不回消息,2025-09-07 20:21:58,1,未提及,未提及,未提及,未提及,负面,未提及,未提及,未提及,负面,未提及,未提及,未提及,未提及,未提及,未提及,未提及,未提及,未提及
缺斤少两，死贵死贵的，发货慢吞吞。,2025-11-22 20:21:58,1,未提及,未提及,未提及,未提及,未提及,未提及,负面,负面,未提及,未提及,未提及,未提及,未提及,未提及,负面,未提及,未提及,未提及
昨天下单今天就到了，价格有点高,2025-03-06 20:21:58,1,未提及,未提及,未提及,未提及,未提及,未提及,正面,负面,未提及,未提及,未提及,未提及,未提及,未提及,未提及,未提及,未提及,未提及
分量很足，不过价格便宜,2025-06-24 20:21:58,5,未提及,未提及,未提及,未提及,未提及,未提及,未提及,正面,未提及,未提及,未提及,未提及,未提及,未提及,正面,未提及,未提及,未提及
半包都是空气，包装严实，性价比超高。,2025-07-05 20:21:58,1,未提及,未提及,未提及,未提及,未提及,未提及,未提及,未提及,正面,未提及,正面,未提及,未提及,未提及,负面,未提及,未提及,未提及
半天不回消息，智商税，包装精美,2025-06-15 20:21:58,1,未提及,未提及,未提及,未提及,负面,未提及,未提及,未提及,负面,未提及,正面,未提及,未提及,未提及,未提及,未提及,未提及,未提及
硬得咬不动，而且不推荐购买，亏了,2025-12-11 20:21:58,1,未提及,未提及,未提及,未提及,未提及,未提及,未提及,未提及,负面,未提及,未提及,未提及,未提及,未提及,未提及,负面,未提及,未提及
送礼有面子，而且值得购买,2025-04-07 20:21:58,5,未提及,未提及,未提及,未提及,未提及,未提及,未提及,未提及,未提及,未提及,正面,未提及,未提及,未提及,未提及,未提及,未提及,正面
太难吃了，包装精美，满满一大包,2025-08-28 20:21:58,1,未提及,未提及,未提及,未提及,未提及,未提及,未提及,未提及,未提及,未提及,正面,未提及,未提及,未提及,正面,负面,未提及,未提及
态度恶劣。,2024-12-16 20:21:58,1,未提及,未提及,未提及,未提及,负面,未提及,未提及,未提及,未提及,未提及,未提及,未提及,未提及,未提及,未提及,未提及,未提及,未提及
别买，态度恶劣，物超所值,2025-03-05 20:21:58,1,未提及,未提及,未提及,未提及,负面,未提及,未提及,未提及,正面,未提及,未提及,未提及,未提及,未提及,未提及,未提及,未提及,负面
客服爱答不理，盒子很好看，价格便宜,2025-01-13 20:21:58,1,未提及,未提及,未提及,未提及,负面,未提及,未提及,正面,未提及,未提及,正面,未提及,未提及,未提及,未提及,未提及,未提及,未提及
以后不会再来了。盒子很好看,2025-12-06 20:21:58,1,未提及,未提及,未提及,未提及,未提及,未提及,未提及,未提及,未提及,未提及,正面,未提及,未提及,未提及,未提及,未提及,未提及,负面
买到就是赚到，发货慢吞吞，别买,2025-04-24 20:21:58,1,未提及,未提及,未提及,未提及,未提及,未提及,负面,未提及,正面,未提及,未提及,未提及,未提及,未提及,未提及,未提及,未提及,负面
根本不值,2025-03-23 20:21:58,1,未提及,未提及,未提及,未提及,未提及,未提及,未提及,未提及,负面,未提及,未提及,未提及,未提及,未提及,未提及,未提及,未提及,未提及
一次性买卖,2025-07-05 20:21:58,1,未提及,未提及,未提及,未提及,未提及,未提及,未提及,未提及,未提及,未提及,未提及,未提及,未提及,未提及,未提及,未提及,未提及,负面
分量对得起价格。漏气了,2025-06-09 20:21:58,1,未提及,未提及,未提及,未提及,未提及,未提及,未提及,未提及,未提及,未提及,负面,未提及,未提及,未提及,正面,未提及,未提及,未提及
售后处理及时，不过箱子压扁了,2025-04-26 20:21:58,1,未提及,未提及,未提及,未提及,正面,未提及,未提及,未提及,未提及,未提及,负面,未提及,未提及,未提及,未提及,未提及,未提及,未提及
送礼有面子,2025-04-05 20:21:58,5,未提及,未提及,未提及,未提及,未提及,未提及,未提及,未提及,未提及,未提及,正面,未提及,未提及,未提及,未提及,未提及,未提及,未提及
强烈推荐，物流很快，性价比极低,2025-11-17 20:21:58,1,未提及,未提及,未提及,未提及,未提及,未提及,正面,未提及,负面,未提及,未提及,未提及,未提及,未提及,未提及,未提及,未提及,正面
售后处理及时,2025-05-17 20:21:58,5,未提及,未提及,未提及,未提及,正面,未提及,未提及,未提及,未提及,未提及,未提及,未提及,未提及,未提及,未提及,未提及,未提及,未提及
硬得咬不动，客服态度很好，智商税,2025-10-13 20:21:58,1,未提及,未提及,未提及,未提及,正面,未提及,未提及,未提及,负面,未提及,未提及,未提及,未提及,未提及,未提及,负面,未提及,未提及
等了一个世纪,2025-09-09 20:21:58,1,未提及,未提及,未提及,未提及,未提及,未提及,负面,未提及,未提及,未提及,未提及,未提及,未提及,未提及,未提及,未提及,未提及,未提及
盒子很好看,2025-11-08 20:21:58,5,未提及,未提及,未提及,未提及,未提及,未提及,未提及,未提及,未提及,未提及,正面,未提及,未提及,未提及,未提及,未提及,未提及,未提及
服务热情，白菜价，性价比超高,2025-08-08 20:21:58,5,未提及,未提及,未提及,未提及,正面,未提及,未提及,正面,正面,未提及,未提及,未提及,未提及,未提及,未提及,未提及,未提及,未提及
满满一大包，不过送礼有面子,2025-09-26 20:21:58,5,未提及,未提及,未提及,未提及,未提及,未提及,未提及,未提及,未提及,未提及,正面,未提及,未提及,未提及,正面,未提及,未提及,未提及
无限回购，但是半包都是空气,2025-10-15 20:21:58,1,未提及,未提及,未提及,未提及,未提及,未提及,未提及,未提及,未提及,未提及,未提及,未提及,未提及,未提及,负面,未提及,未提及,正面
挺便宜的,2025-02-02 20:21:58,5,未提及,未提及,未提及,未提及,未提及,未提及,未提及,正面,未提及,未提及,未提及,未提及,未提及,未提及,未提及,未提及,未提及,未提及
一次性买卖,2025-10-24 20:21:58,1,未提及,未提及,未提及,未提及,未提及,未提及,未提及,未提及,未提及,未提及,未提及,未提及,未提及,未提及,未提及,未提及,未提及,负面
半天不回消息,2025-12-14 20:21:58,1,未提及,未提及,未提及,未提及,负面,未提及,未提及,未提及,未提及,未提及,未提及,未提及,未提及,未提及,未提及,未提及,未提及,未提及
性价比超高，半包都是空气，强烈推荐,2025-06-12 20:21:58,1,未提及,未提及,未提及,未提及,未提及,未提及,未提及,未提及,正面,未提及,未提及,未提及,未提及,未提及,负面,未提及,未提及,正面
硬得咬不动，而且等了一个世纪,2025-04-02 20:21:58,1,未提及,未提及,未提及,未提及,未提及,未提及,负面,未提及,未提及,未提及,未提及,未提及,未提及,未提及,未提及,负面,未提及,未提及
很划算，缺斤少两，物流很快,2025-07-09 20:21:58,1,未提及,未提及,未提及,未提及,未提及,未提及,正面,未提及,正面,未提及,未提及,未提及,未提及,未提及,负面,未提及,未提及,未提及
物流太慢了。,2025-06-20 20:21:58,1,未提及,未提及,未提及,未提及,未提及,未提及,负面,未提及,未提及,未提及,未提及,未提及,未提及,未提及,未提及,未提及,未提及,未提及
强烈推荐,2025-09-06 20:21:58,5,未提及,未提及,未提及,未提及,未提及,未提及,未提及,未提及,未提及,未提及,未提及,未提及,未提及,未提及,未提及,未提及,未提及,正面
机器人回复，气死人,2025-05-29 20:21:58,1,未提及,未提及,未提及,未提及,负面,未提及,未提及,未提及,未提及,未提及,未提及,未提及,未提及,未提及,未提及,未提及,未提及,未提及
快递在路上停了三天,2025-10-19 20:21:58,1,未提及,未提及,未提及,未提及,未提及,未提及,负面,未提及,未提及,未提及,未提及,未提及,未提及,未提及,未提及,未提及,未提及,未提及
物流太慢了，不过机器人回复，气死人,2025-02-23 20:21:58,1,未提及,未提及,未提及,未提及,负面,未提及,负面,未提及,未提及,未提及,未提及,未提及,未提及,未提及,未提及,未提及,未提及,未提及
白菜价，而且送礼有面子。,2025-06-29 20:21:58,5,未提及,未提及,未提及,未提及,未提及,未提及,未提及,正面,未提及,未提及,正面,未提及,未提及,未提及,未提及,未提及,未提及,未提及
半天不回消息，漏气了,2025-04-11 20:21:58,1,未提及,未提及,未提及,未提及,负面,未提及,未提及,未提及,未提及,未提及,负面,未提及,未提及,未提及,未提及,未提及,未提及,未提及
个头太小了，不过价格有点高,2025-03-19 20:21:58,1,未提及,未提及,未提及,未提及,未提及,未提及,未提及,负面,未提及,未提及,未提及,未提及,未提及,未提及,负面,未提及,未提及,未提及
个头很大，但是不推荐购买，亏了。,2025-11-10 20:21:58,1,未提及,未提及,未提及,未提及,未提及,未提及,未提及,未提及,负面,未提及,未提及,未提及,未提及,未提及,正面,未提及,未提及,未提及
包装太简陋,2025-04-24 20:21:58,1,未提及,未提及,未提及,未提及,未提及,未提及,未提及,未提及,未提及,未提及,负面,未提及,未提及,未提及,未提及,未提及,未提及,未提及
等了一个世纪,2025-10-07 20:21:58,1,未提及,未提及,未提及,未提及,未提及,未提及,负面,未提及,未提及,未提及,未提及,未提及,未提及,未提及,未提及,未提及,未提及,未提及
包装严实，比超市贵多了，发货速度神速,2025-09-08 20:21:58,1,未提及,未提及,未提及,未提及,未提及,未提及,正面,负面,未提及,未提及,正面,未提及,未提及,未提及,未提及,未提及,未提及,未提及
等了一个世纪，态度恶劣，智商税,2024-12-28 20:21:58,1,未提及,未提及,未提及,未提及,负面,未提及,负面,未提及,负面,未提及,未提及,未提及,未提及,未提及,未提及,未提及,未提及,未提及
包装精美，态度恶劣，口感丰富，层次分明,2025-04-16 20:21:58,1,未提及,未提及,未提及,未提及,负面,未提及,未提及,未提及,未提及,未提及,正面,未提及,未提及,未提及,未提及,正面,未提及,未提及
全是包装袋，客服很有耐心，咸淡适中，味道刚好,2024-12-20 20:21:58,1,未提及,未提及,未提及,未提及,正面,未提及,未提及,未提及,未提及,未提及,未提及,未提及,未提及,未提及,负面,正面,未提及,未提及
根本不值。,2025-03-20 20:21:58,1,未提及,未提及,未提及,未提及,未提及,未提及,未提及,未提及,负面,未提及,未提及,未提及,未提及,未提及,未提及,未提及,未提及,未提及
包装精美,2025-01-02 20:21:58,5,未提及,未提及,未提及,未提及,未提及,未提及,未提及,未提及,未提及,未提及,正面,未提及,未提及,未提及,未提及,未提及,未提及,未提及
不推荐购买，亏了，客服爱答不理，昨天下单今天就到了,2025-04-21 20:21:58,1,未提及,未提及,未提及,未提及,负面,未提及,正面,未提及,负面,未提及,未提及,未提及,未提及,未提及,未提及,未提及,未提及,未提及
个头太小了,2025-03-06 20:21:58,1,未提及,未提及,未提及,未提及,未提及,未提及,未提及,未提及,未提及,未提及,未提及,未提及,未提及,未提及,负面,未提及,未提及,未提及
无限回购，价格便宜，智商税,2025-05-03 20:21:58,1,未提及,未提及,未提及,未提及,未提及,未提及,未提及,正面,负面,未提及,未提及,未提及,未提及,未提及,未提及,未提及,未提及,正面
真的很好吃，不过半天不回消息,2025-08-09 20:21:58,1,未提及,未提及,未提及,未提及,负面,未提及,未提及,未提及,未提及,未提及,未提及,未提及,未提及,未提及,未提及,正面,未提及,未提及
比超市贵多了,2025-09-10 20:21:58,1,未提及,未提及,未提及,未提及,未提及,未提及,未提及,负面,未提及,未提及,未提及,未提及,未提及,未提及,未提及,未提及,未提及,未提及
物流很快，但是入口即化，太香了,2025-10-07 20:21:58,5,未提及,未提及,未提及,未提及,未提及,未提及,正面,未提及,未提及,未提及,未提及,未提及,未提及,未提及,未提及,正面,未提及,未提及
白菜价，而且态度恶劣,2025-01-22 20:21:58,1,未提及,未提及,未提及,未提及,负面,未提及,未提及,正面,未提及,未提及,未提及,未提及,未提及,未提及,未提及,未提及,未提及,未提及
挺便宜的。太甜了，腻死人,2025-03-30 20:21:58,1,未提及,未提及,未提及,未提及,未提及,未提及,未提及,正面,未提及,未提及,未提及,未提及,未提及,未提及,未提及,负面,未提及,未提及
包装破损,2025-08-26 20:21:58,1,未提及,未提及,未提及,未提及,未提及,未提及,未提及,未提及,未提及,未提及,负面,未提及,未提及,未提及,未提及,未提及,未提及,未提及
一次性买卖，售后处理及时,2025-05-25 20:21:58,1,未提及,未提及,未提及,未提及,正面,未提及,未提及,未提及,未提及,未提及,未提及,未提及,未提及,未提及,未提及,未提及,未提及,负面
客服很有耐心，而且一次性买卖,2025-05-09 20:21:58,1,未提及,未提及,未提及,未提及,正面,未提及,未提及,未提及,未提及,未提及,未提及,未提及,未提及,未提及,未提及,未提及,未提及,负面
态度恶劣，别买，包装破损,2025-11-29 20:21:58,1,未提及,未提及,未提及,未提及,负面,未提及,未提及,未提及,未提及,未提及,负面,未提及,未提及,未提及,未提及,未提及,未提及,负面
避雷，价格实惠，盒子很好看,2025-03-30 20:21:58,1,未提及,未提及,未提及,未提及,未提及,未提及,未提及,正面,未提及,未提及,正面,未提及,未提及,未提及,未提及,未提及,未提及,负面
客服很有耐心，快递在路上停了三天，满满一大包。,2025-10-30 20:21:58,1,未提及,未提及,未提及,未提及,正面,未提及,负面,未提及,未提及,未提及,未提及,未提及,未提及,未提及,正面,未提及,未提及,未提及
很划算，漏气了,2025-03-02 20:21:58,1,未提及,未提及,未提及,未提及,未提及,未提及,未提及,未提及,正面,未提及,负面,未提及,未提及,未提及,未提及,未提及,未提及,未提及
咸淡适中，味道刚好。态度恶劣,2025-03-29 20:21:58,1,未提及,未提及,未提及,未提及,负面,未提及,未提及,未提及,未提及,未提及,未提及,未提及,未提及,未提及,未提及,正面,未提及,未提及
快递给力，但是包装太简陋,2025-10-20 20:21:58,1,未提及,未提及,未提及,未提及,未提及,未提及,正面,未提及,未提及,未提及,负面,未提及,未提及,未提及,未提及,未提及,未提及,未提及
性价比超高，包装太简陋，别买,2025-10-18 20:21:58,1,未提及,未提及,未提及,未提及,未提及,未提及,未提及,未提及,正面,未提及,负面,未提及,未提及,未提及,未提及,未提及,未提及,负面
快递给力，售后处理及时，盒子很好看,2025-12-14 20:21:58,5,未提及,未提及,未提及,未提及,正面,未提及,正面,未提及,未提及,未提及,正面,未提及,未提及,未提及,未提及,未提及,未提及,未提及
全是包装袋，不过家里人都爱吃,2025-06-20 20:21:58,1,未提及,未提及,未提及,未提及,未提及,未提及,未提及,未提及,未提及,未提及,未提及,未提及,未提及,未提及,负面,正面,未提及,未提及
客服很有耐心,2025-04-28 20:21:58,5,未提及,未提及,未提及,未提及,正面,未提及,未提及,未提及,未提及,未提及,未提及,未提及,未提及,未提及,未提及,未提及,未提及,未提及
客服态度很好，不过根本不值,2025-09-10 20:21:58,1,未提及,未提及,未提及,未提及,正面,未提及,未提及,未提及,负面,未提及,未提及,未提及,未提及,未提及,未提及,未提及,未提及,未提及
漏气了，快递在路上停了三天，无限回购。,2025-04-28 20:21:58,1,未提及,未提及,未提及,未提及,未提及,未提及,负面,未提及,未提及,未提及,负面,未提及,未提及,未提及,未提及,未提及,未提及,正面
真的很好吃，分量对得起价格，价格实惠,2025-07-12 20:21:58,5,未提及,未提及,未提及,未提及,未提及,未提及,未提及,正面,未提及,未提及,未提及,未提及,未提及,未提及,正面,正面,未提及,未提及
客服态度很好，快递在路上停了三天，价格有点高,2025-04-10 20:21:58,1,未提及,未提及,未提及,未提及,正面,未提及,负面,负面,未提及,未提及,未提及,未提及,未提及,未提及,未提及,未提及,未提及,未提及
售后处理及时，而且缺斤少两。,2025-11-15 20:21:58,1,未提及,未提及,未提及,未提及,正面,未提及,未提及,未提及,未提及,未提及,未提及,未提及,未提及,未提及,负面,未提及,未提及,未提及
分量对得起价格，但是箱子压扁了,2024-12-19 20:21:58,1,未提及,未提及,未提及,未提及,未提及,未提及,未提及,未提及,未提及,未提及,负面,未提及,未提及,未提及,正面,未提及,未提及,未提及
根本不值。,2025-04-17 20:21:58,1,未提及,未提及,未提及,未提及,未提及,未提及,未提及,未提及,负面,未提及,未提及,未提及,未提及,未提及,未提及,未提及,未提及,未提及
太甜了，腻死人,2025-10-05 20:21:58,1,未提及,未提及,未提及,未提及,未提及,未提及,未提及,未提及,未提及,未提及,未提及,未提及,未提及,未提及,未提及,负面,未提及,未提及
客服态度很好，一次性买卖，物流太慢了,2025-12-06 20:21:58,1,未提及,未提及,未提及,未提及,正面,未提及,负面,未提及,未提及,未提及,未提及,未提及,未提及,未提及,未提及,未提及,未提及,负面
漏气了，一次性买卖，客服态度很好,2025-07-21 20:21:58,1,未提及,未提及,未提及,未提及,正面,未提及,未提及,未提及,未提及,未提及,负面,未提及,未提及,未提及,未提及,未提及,未提及,负面
客服很有耐心，不过真的很好吃,2025-12-14 20:21:58,5,未提及,未提及,未提及,未提及,正面,未提及,未提及,未提及,未提及,未提及,未提及,未提及,未提及,未提及,未提及,正面,未提及,未提及
价格实惠。,2025-02-09 20:21:58,5,未提及,未提及,未提及,未提及,未提及,未提及,未提及,正面,未提及,未提及,未提及,未提及,未提及,未提及,未提及,未提及,未提及,未提及
物超所值，而且个头太小了,2025-05-03 20:21:58,1,未提及,未提及,未提及,未提及,未提及,未提及,未提及,未提及,正面,未提及,未提及,未提及,未提及,未提及,负面,未提及,未提及,未提及
客服很有耐心，有一股哈喇味，以后不会再来了,2025-03-20 20:21:58,1,未提及,未提及,未提及,未提及,正面,未提及,未提及,未提及,未提及,未提及,未提及,未提及,未提及,未提及,未提及,负面,未提及,负面
漏气了，客服态度很好。,2025-06-26 20:21:58,1,未提及,未提及,未提及,未提及,正面,未提及,未提及,未提及,未提及,未提及,负面,未提及,未提及,未提及,未提及,未提及,未提及,未提及
客服很有耐心。,2025-08-29 20:21:58,5,未提及,未提及,未提及,未提及,正面,未提及,未提及,未提及,未提及,未提及,未提及,未提及,未提及,未提及,未提及,未提及,未提及,未提及
性价比极低，送礼有面子，客服很有耐心,2025-04-06 20:21:58,1,未提及,未提及,未提及,未提及,正面,未提及,未提及,未提及,负面,未提及,正面,未提及,未提及,未提及,未提及,未提及,未提及,未提及
以后不会再来了,2025-09-02 20:21:58,1,未提及,未提及,未提及,未提及,未提及,未提及,未提及,未提及,未提及,未提及,未提及,未提及,未提及,未提及,未提及,未提及,未提及,负面
个头太小了，态度恶劣，不推荐购买，亏了,2025-01-01 20:21:58,1,未提及,未提及,未提及,未提及,负面,未提及,未提及,未提及,负面,未提及,未提及,未提及,未提及,未提及,负面,未提及,未提及,未提及
无限回购,2025-04-11 20:21:58,5,未提及,未提及,未提及,未提及,未提及,未提及,未提及,未提及,未提及,未提及,未提及,未提及,未提及,未提及,未提及,未提及,未提及,正面
值得购买,2025-08-22 20:21:58,5,未提及,未提及,未提及,未提及,未提及,未提及,未提及,未提及,未提及,未提及,未提及,未提及,未提及,未提及,未提及,未提及,未提及,正面
客服很有耐心，送礼有面子,2025-02-10 20:21:58,5,未提及,未提及,未提及,未提及,正面,未提及,未提及,未提及,未提及,未提及,正面,未提及,未提及,未提及,未提及,未提及,未提及,未提及
咸淡适中，味道刚好,2025-06-21 20:21:58,5,未提及,未提及,未提及,未提及,未提及,未提及,未提及,未提及,未提及,未提及,未提及,未提及,未提及,未提及,未提及,正面,未提及,未提及
盒子很好看。根本不值,2025-05-13 20:21:58,1,未提及,未提及,未提及,未提及,未提及,未提及,未提及,未提及,负面,未提及,正面,未提及,未提及,未提及,未提及,未提及,未提及,未提及
很划算,2025-02-26 20:21:58,5,未提及,未提及,未提及,未提及,未提及,未提及,未提及,未提及,正面,未提及,未提及,未提及,未提及,未提及,未提及,未提及,未提及,未提及
很划算，快递在路上停了三天，无限回购,2025-08-26 20:21:58,1,未提及,未提及,未提及,未提及,未提及,未提及,负面,未提及,正面,未提及,未提及,未提及,未提及,未提及,未提及,未提及,未提及,正面
盒子很好看，但是昨天下单今天就到了,2025-03-06 20:21:58,5,未提及,未提及,未提及,未提及,未提及,未提及,正面,未提及,未提及,未提及,正面,未提及,未提及,未提及,未提及,未提及,未提及,未提及
昨天下单今天就到了。服务热情,2025-02-23 20:21:58,5,未提及,未提及,未提及,未提及,正面,未提及,正面,未提及,未提及,未提及,未提及,未提及,未提及,未提及,未提及,未提及,未提及,未提及
还会再来，分量对得起价格，死贵死贵的,2025-07-02 20:21:58,1,未提及,未提及,未提及,未提及,未提及,未提及,未提及,负面,未提及,未提及,未提及,未提及,未提及,未提及,正面,未提及,未提及,正面
发货速度神速，但是强烈推荐,2025-06-05 20:21:58,5,未提及,未提及,未提及,未提及,未提及,未提及,正面,未提及,未提及,未提及,未提及,未提及,未提及,未提及,未提及,未提及,未提及,正面
太难吃了,2025-04-09 20:21:58,1,未提及,未提及,未提及,未提及,未提及,未提及,未提及,未提及,未提及,未提及,未提及,未提及,未提及,未提及,未提及,负面,未提及,未提及
包装严实，不推荐购买，亏了，客服态度很好。,2025-09-29 20:21:58,1,未提及,未提及,未提及,未提及,正面,未提及,未提及,未提及,负面,未提及,正面,未提及,未提及,未提及,未提及,未提及,未提及,未提及
值得购买，性价比极低，口感像嚼蜡,2025-12-01 20:21:58,1,未提及,未提及,未提及,未提及,未提及,未提及,未提及,未提及,负面,未提及,未提及,未提及,未提及,未提及,未提及,负面,未提及,正面
客服很有耐心,2025-04-01 20:21:58,5,未提及,未提及,未提及,未提及,正面,未提及,未提及,未提及,未提及,未提及,未提及,未提及,未提及,未提及,未提及,未提及,未提及,未提及
还会再来,2025-07-10 20:21:58,5,未提及,未提及,未提及,未提及,未提及,未提及,未提及,未提及,未提及,未提及,未提及,未提及,未提及,未提及,未提及,未提及,未提及,正面
买到就是赚到，机器人回复，气死人，盒子很好看,2025-06-02 20:21:58,1,未提及,未提及,未提及,未提及,负面,未提及,未提及,未提及,正面,未提及,正面,未提及,未提及,未提及,未提及,未提及,未提及,未提及
性价比超高，但是客服态度很好,2025-08-20 20:21:58,5,未提及,未提及,未提及,未提及,正面,未提及,未提及,未提及,正面,未提及,未提及,未提及,未提及,未提及,未提及,未提及,未提及,未提及
半天不回消息，智商税，包装破损,2025-12-08 20:21:58,1,未提及,未提及,未提及,未提及,负面,未提及,未提及,未提及,负面,未提及,负面,未提及,未提及,未提及,未提及,未提及,未提及,未提及
口感丰富，层次分明，漏气了，白菜价。,2025-09-30 20:21:58,1,未提及,未提及,未提及,未提及,未提及,未提及,未提及,正面,未提及,未提及,负面,未提及,未提及,未提及,未提及,正面,未提及,未提及
半天不回消息，但是避雷,2025-02-18 20:21:58,1,未提及,未提及,未提及,未提及,负面,未提及,未提及,未提及,未提及,未提及,未提及,未提及,未提及,未提及,未提及,未提及,未提及,负面
发货慢吞吞，但是分量太少了。,2024-12-22 20:21:58,1,未提及,未提及,未提及,未提及,未提及,未提及,负面,未提及,未提及,未提及,未提及,未提及,未提及,未提及,负面,未提及,未提及,未提及
别买。送礼有面子,2025-08-12 20:21:58,1,未提及,未提及,未提及,未提及,未提及,未提及,未提及,未提及,未提及,未提及,正面,未提及,未提及,未提及,未提及,未提及,未提及,负面
死贵死贵的,2025-03-14 20:21:58,1,未提及,未提及,未提及,未提及,未提及,未提及,未提及,负面,未提及,未提及,未提及,未提及,未提及,未提及,未提及,未提及,未提及,未提及
价格实惠,2025-04-20 20:21:58,5,未提及,未提及,未提及,未提及,未提及,未提及,未提及,正面,未提及,未提及,未提及,未提及,未提及,未提及,未提及,未提及,未提及,未提及
缺斤少两，智商税，价格便宜,2025-02-17 20:21:58,1,未提及,未提及,未提及,未提及,未提及,未提及,未提及,正面,负面,未提及,未提及,未提及,未提及,未提及,负面,未提及,未提及,未提及
性价比超高,2025-12-02 20:21:58,5,未提及,未提及,未提及,未提及,未提及,未提及,未提及,未提及,正面,未提及,未提及,未提及,未提及,未提及,未提及,未提及,未提及,未提及
强烈推荐,2025-01-24 20:21:58,5,未提及,未提及,未提及,未提及,未提及,未提及,未提及,未提及,未提及,未提及,未提及,未提及,未提及,未提及,未提及,未提及,未提及,正面
以后不会再来了,2025-10-26 20:21:58,1,未提及,未提及,未提及,未提及,未提及,未提及,未提及,未提及,未提及,未提及,未提及,未提及,未提及,未提及,未提及,未提及,未提及,负面
满满一大包，白菜价，快递在路上停了三天,2025-11-14 20:21:58,1,未提及,未提及,未提及,未提及,未提及,未提及,负面,正面,未提及,未提及,未提及,未提及,未提及,未提及,正面,未提及,未提及,未提及
等了一个世纪，真的很好吃，别买,2025-12-10 20:21:58,1,未提及,未提及,未提及,未提及,未提及,未提及,负面,未提及,未提及,未提及,未提及,未提及,未提及,未提及,未提及,正面,未提及,负面
快递在路上停了三天,2025-09-09 20:21:58,1,未提及,未提及,未提及,未提及,未提及,未提及,负面,未提及,未提及,未提及,未提及,未提及,未提及,未提及,未提及,未提及,未提及,未提及
包装破损，客服很有耐心，入口即化，太香了,2025-11-23 20:21:58,1,未提及,未提及,未提及,未提及,正面,未提及,未提及,未提及,未提及,未提及,负面,未提及,未提及,未提及,未提及,正面,未提及,未提及
箱子压扁了,2025-01-28 20:21:58,1,未提及,未提及,未提及,未提及,未提及,未提及,未提及,未提及,未提及,未提及,负面,未提及,未提及,未提及,未提及,未提及,未提及,未提及
分量对得起价格，不过物流太慢了,2025-12-16 20:21:58,1,未提及,未提及,未提及,未提及,未提及,未提及,负面,未提及,未提及,未提及,未提及,未提及,未提及,未提及,正面,未提及,未提及,未提及
避雷，包装精美，发货速度神速,2025-02-07 20:21:58,1,未提及,未提及,未提及,未提及,未提及,未提及,正面,未提及,未提及,未提及,正面,未提及,未提及,未提及,未提及,未提及,未提及,负面
分量对得起价格，服务热情，包装精美,2025-06-26 20:21:58,5,未提及,未提及,未提及,未提及,正面,未提及,未提及,未提及,未提及,未提及,正面,未提及,未提及,未提及,正面,未提及,未提及,未提及
快递给力，而且值得购买,2025-09-26 20:21:58,5,未提及,未提及,未提及,未提及,未提及,未提及,正面,未提及,未提及,未提及,未提及,未提及,未提及,未提及,未提及,未提及,未提及,正面
性价比极低,2025-02-14 20:21:58,1,未提及,未提及,未提及,未提及,未提及,未提及,未提及,未提及,负面,未提及,未提及,未提及,未提及,未提及,未提及,未提及,未提及,未提及
太贵了。等了一个世纪。,2025-06-21 20:21:58,1,未提及,未提及,未提及,未提及,未提及,未提及,负面,负面,未提及,未提及,未提及,未提及,未提及,未提及,未提及,未提及,未提及,未提及
不值这个钱，分量对得起价格，以后不会再来了,2025-11-22 20:21:58,1,未提及,未提及,未提及,未提及,未提及,未提及,未提及,负面,未提及,未提及,未提及,未提及,未提及,未提及,正面,未提及,未提及,负面
发货慢吞吞,2024-12-22 20:21:58,1,未提及,未提及,未提及,未提及,未提及,未提及,负面,未提及,未提及,未提及,未提及,未提及,未提及,未提及,未提及,未提及,未提及,未提及
客服态度很好。,2025-08-11 20:21:58,5,未提及,未提及,未提及,未提及,正面,未提及,未提及,未提及,未提及,未提及,未提及,未提及,未提及,未提及,未提及,未提及,未提及,未提及
昨天下单今天就到了，机器人回复，气死人，值得购买。,2025-05-27 20:21:58,1,未提及,未提及,未提及,未提及,负面,未提及,正面,未提及,未提及,未提及,未提及,未提及,未提及,未提及,未提及,未提及,未提及,正面
太贵了,2025-04-17 20:21:58,1,未提及,未提及,未提及,未提及,未提及,未提及,未提及,负面,未提及,未提及,未提及,未提及,未提及,未提及,未提及,未提及,未提及,未提及
分量太少了，挺便宜的，不推荐购买，亏了,2024-12-21 20:21:58,1,未提及,未提及,未提及,未提及,未提及,未提及,未提及,正面,负面,未提及,未提及,未提及,未提及,未提及,负面,未提及,未提及,未提及
售后处理及时,2025-05-27 20:21:58,5,未提及,未提及,未提及,未提及,正面,未提及,未提及,未提及,未提及,未提及,未提及,未提及,未提及,未提及,未提及,未提及,未提及,未提及
太难吃了,2025-10-30 20:21:58,1,未提及,未提及,未提及,未提及,未提及,未提及,未提及,未提及,未提及,未提及,未提及,未提及,未提及,未提及,未提及,负面,未提及,未提及
昨天下单今天就到了。,2025-07-24 20:21:58,5,未提及,未提及,未提及,未提及,未提及,未提及,正面,未提及,未提及,未提及,未提及,未提及,未提及,未提及,未提及,未提及,未提及,未提及
快递给力，而且送礼有面子,2025-05-08 20:21:58,5,未提及,未提及,未提及,未提及,未提及,未提及,正面,未提及,未提及,未提及,正面,未提及,未提及,未提及,未提及,未提及,未提及,未提及
价格实惠，智商税，半天不回消息,2025-07-24 20:21:58,1,未提及,未提及,未提及,未提及,负面,未提及,未提及,正面,负面,未提及,未提及,未提及,未提及,未提及,未提及,未提及,未提及,未提及
客服很有耐心，一次性买卖，太难吃了,2025-11-15 20:21:58,1,未提及,未提及,未提及,未提及,正面,未提及,未提及,未提及,未提及,未提及,未提及,未提及,未提及,未提及,未提及,负面,未提及,负面
以后不会再来了，不过智商税。,2025-06-03 20:21:58,1,未提及,未提及,未提及,未提及,未提及,未提及,未提及,未提及,负面,未提及,未提及,未提及,未提及,未提及,未提及,未提及,未提及,负面
缺斤少两,2025-04-28 20:21:58,1,未提及,未提及,未提及,未提及,未提及,未提及,未提及,未提及,未提及,未提及,未提及,未提及,未提及,未提及,负面,未提及,未提及,未提及
半天不回消息。个头太小了,2025-10-20 20:21:58,1,未提及,未提及,未提及,未提及,负面,未提及,未提及,未提及,未提及,未提及,未提及,未提及,未提及,未提及,负面,未提及,未提及,未提及
有一股哈喇味。性价比极低。,2025-07-09 20:21:58,1,未提及,未提及,未提及,未提及,未提及,未提及,未提及,未提及,负面,未提及,未提及,未提及,未提及,未提及,未提及,负面,未提及,未提及
客服态度很好,2025-06-06 20:21:58,5,未提及,未提及,未提及,未提及,正面,未提及,未提及,未提及,未提及,未提及,未提及,未提及,未提及,未提及,未提及,未提及,未提及,未提及
性价比极低,2025-11-29 20:21:58,1,未提及,未提及,未提及,未提及,未提及,未提及,未提及,未提及,负面,未提及,未提及,未提及,未提及,未提及,未提及,未提及,未提及,未提及
咸淡适中，味道刚好，很划算，客服爱答不理,2025-05-11 20:21:58,1,未提及,未提及,未提及,未提及,负面,未提及,未提及,未提及,正面,未提及,未提及,未提及,未提及,未提及,未提及,正面,未提及,未提及
根本不值,2025-01-11 20:21:58,1,未提及,未提及,未提及,未提及,未提及,未提及,未提及,未提及,负面,未提及,未提及,未提及,未提及,未提及,未提及,未提及,未提及,未提及
值得购买，挺便宜的，盒子很好看。,2025-06-29 20:21:58,5,未提及,未提及,未提及,未提及,未提及,未提及,未提及,正面,未提及,未提及,正面,未提及,未提及,未提及,未提及,未提及,未提及,正面
缺斤少两,2025-09-16 20:21:58,1,未提及,未提及,未提及,未提及,未提及,未提及,未提及,未提及,未提及,未提及,未提及,未提及,未提及,未提及,负面,未提及,未提及,未提及
太甜了，腻死人，包装太简陋，服务热情,2025-01-11 20:21:58,1,未提及,未提及,未提及,未提及,正面,未提及,未提及,未提及,未提及,未提及,负面,未提及,未提及,未提及,未提及,负面,未提及,未提及
一次性买卖。,2025-05-14 20:21:58,1,未提及,未提及,未提及,未提及,未提及,未提及,未提及,未提及,未提及,未提及,未提及,未提及,未提及,未提及,未提及,未提及,未提及,负面
一点都不新鲜，别买，不推荐购买，亏了,2025-09-09 20:21:58,1,未提及,未提及,未提及,未提及,未提及,未提及,未提及,未提及,负面,未提及,未提及,未提及,未提及,未提及,未提及,负面,未提及,负面
等了一个世纪。,2025-06-04 20:21:58,1,未提及,未提及,未提及,未提及,未提及,未提及,负面,未提及,未提及,未提及,未提及,未提及,未提及,未提及,未提及,未提及,未提及,未提及
等了一个世纪，但是比超市贵多了,2025-11-27 20:21:58,1,未提及,未提及,未提及,未提及,未提及,未提及,负面,负面,未提及,未提及,未提及,未提及,未提及,未提及,未提及,未提及,未提及,未提及
昨天下单今天就到了，机器人回复，气死人，箱子压扁了,2024-12-30 20:21:58,1,未提及,未提及,未提及,未提及,负面,未提及,正面,未提及,未提及,未提及,负面,未提及,未提及,未提及,未提及,未提及,未提及,未提及
不值这个钱,2025-11-10 20:21:58,1,未提及,未提及,未提及,未提及,未提及,未提及,未提及,负面,未提及,未提及,未提及,未提及,未提及,未提及,未提及,未提及,未提及,未提及
性价比超高，味道绝绝子，发货慢吞吞,2025-11-06 20:21:58,1,未提及,未提及,未提及,未提及,未提及,未提及,负面,未提及,正面,未提及,未提及,未提及,未提及,未提及,未提及,正面,未提及,未提及
态度恶劣，物流太慢了，有一股哈喇味,2025-04-07 20:21:58,1,未提及,未提及,未提及,未提及,负面,未提及,负面,未提及,未提及,未提及,未提及,未提及,未提及,未提及,未提及,负面,未提及,未提及
不值这个钱，口感丰富，层次分明，买到就是赚到,2025-07-29 20:21:58,1,未提及,未提及,未提及,未提及,未提及,未提及,未提及,负面,正面,未提及,未提及,未提及,未提及,未提及,未提及,正面,未提及,未提及
全是包装袋。一次性买卖。,2025-03-26 20:21:58,1,未提及,未提及,未提及,未提及,未提及,未提及,未提及,未提及,未提及,未提及,未提及,未提及,未提及,未提及,负面,未提及,未提及,负面
强烈推荐，发货慢吞吞，售后处理及时,2025-06-19 20:21:58,1,未提及,未提及,未提及,未提及,正面,未提及,负面,未提及,未提及,未提及,未提及,未提及,未提及,未提及,未提及,未提及,未提及,正面
太难吃了，不过还会再来,2025-01-18 20:21:58,1,未提及,未提及,未提及,未提及,未提及,未提及,未提及,未提及,未提及,未提及,未提及,未提及,未提及,未提及,未提及,负面,未提及,正面
有一股哈喇味,2025-07-27 20:21:58,1,未提及,未提及,未提及,未提及,未提及,未提及,未提及,未提及,未提及,未提及,未提及,未提及,未提及,未提及,未提及,负面,未提及,未提及
物流很快，买到就是赚到，价格实惠,2025-06-19 20:21:58,5,未提及,未提及,未提及,未提及,未提及,未提及,正面,正面,正面,未提及,未提及,未提及,未提及,未提及,未提及,未提及,未提及,未提及
满满一大包，售后处理及时，智商税,2025-06-05 20:21:58,1,未提及,未提及,未提及,未提及,正面,未提及,未提及,未提及,负面,未提及,未提及,未提及,未提及,未提及,正面,未提及,未提及,未提及
分量很足，口感丰富，层次分明,2024-12-23 20:21:58,5,未提及,未提及,未提及,未提及,未提及,未提及,未提及,未提及,未提及,未提及,未提及,未提及,未提及,未提及,正面,正面,未提及,未提及
满满一大包。以后不会再来了,2025-07-02 20:21:58,1,未提及,未提及,未提及,未提及,未提及,未提及,未提及,未提及,未提及,未提及,未提及,未提及,未提及,未提及,正面,未提及,未提及,负面
价格有点高，无限回购，肉很多。,2025-07-10 20:21:58,1,未提及,未提及,未提及,未提及,未提及,未提及,未提及,负面,未提及,未提及,未提及,未提及,未提及,未提及,正面,未提及,未提及,正面
缺斤少两，但是很划算,2025-04-11 20:21:58,1,未提及,未提及,未提及,未提及,未提及,未提及,未提及,未提及,正面,未提及,未提及,未提及,未提及,未提及,负面,未提及,未提及,未提及
性价比超高,2025-03-31 20:21:58,5,未提及,未提及,未提及,未提及,未提及,未提及,未提及,未提及,正面,未提及,未提及,未提及,未提及,未提及,未提及,未提及,未提及,未提及
不推荐购买，亏了，客服爱答不理，分量很足,2025-10-10 20:21:58,1,未提及,未提及,未提及,未提及,负面,未提及,未提及,未提及,负面,未提及,未提及,未提及,未提及,未提及,正面,未提及,未提及,未提及
强烈推荐，机器人回复，气死人，家里人都爱吃。,2025-02-10 20:21:58,1,未提及,未提及,未提及,未提及,负面,未提及,未提及,未提及,未提及,未提及,未提及,未提及,未提及,未提及,未提及,正面,未提及,正面
还会再来，而且物流很快。,2024-12-23 20:21:58,5,未提及,未提及,未提及,未提及,未提及,未提及,正面,未提及,未提及,未提及,未提及,未提及,未提及,未提及,未提及,未提及,未提及,正面
性价比超高,2025-02-07 20:21:58,5,未提及,未提及,未提及,未提及,未提及,未提及,未提及,未提及,正面,未提及,未提及,未提及,未提及,未提及,未提及,未提及,未提及,未提及
无限回购，客服态度很好，价格有点高。,2025-10-21 20:21:58,1,未提及,未提及,未提及,未提及,正面,未提及,未提及,负面,未提及,未提及,未提及,未提及,未提及,未提及,未提及,未提及,未提及,正面
送礼有面子,2025-07-04 20:21:58,5,未提及,未提及,未提及,未提及,未提及,未提及,未提及,未提及,未提及,未提及,正面,未提及,未提及,未提及,未提及,未提及,未提及,未提及
价格实惠,2025-02-25 20:21:58,5,未提及,未提及,未提及,未提及,未提及,未提及,未提及,正面,未提及,未提及,未提及,未提及,未提及,未提及,未提及,未提及,未提及,未提及
物流很快。箱子压扁了。,2025-12-12 20:21:58,1,未提及,未提及,未提及,未提及,未提及,未提及,正面,未提及,未提及,未提及,负面,未提及,未提及,未提及,未提及,未提及,未提及,未提及
根本不值。,2025-07-08 20:21:58,1,未提及,未提及,未提及,未提及,未提及,未提及,未提及,未提及,负面,未提及,未提及,未提及,未提及,未提及,未提及,未提及,未提及,未提及
价格有点高。昨天下单今天就到了,2025-05-12 20:21:58,1,未提及,未提及,未提及,未提及,未提及,未提及,正面,负面,未提及,未提及,未提及,未提及,未提及,未提及,未提及,未提及,未提及,未提及
包装精美，强烈推荐,2025-11-30 20:21:58,5,未提及,未提及,未提及,未提及,未提及,未提及,未提及,未提及,未提及,未提及,正面,未提及,未提及,未提及,未提及,未提及,未提及,正面
值得购买，但是全是包装袋。,2025-05-02 20:21:58,1,未提及,未提及,未提及,未提及,未提及,未提及,未提及,未提及,未提及,未提及,未提及,未提及,未提及,未提及,负面,未提及,未提及,正面
智商税，一次性买卖，售后处理及时,2025-08-11 20:21:58,1,未提及,未提及,未提及,未提及,正面,未提及,未提及,未提及,负面,未提及,未提及,未提及,未提及,未提及,未提及,未提及,未提及,负面
别买，分量太少了，根本不值,2025-06-14 20:21:58,1,未提及,未提及,未提及,未提及,未提及,未提及,未提及,未提及,负面,未提及,未提及,未提及,未提及,未提及,负面,未提及,未提及,负面
不推荐购买，亏了，昨天下单今天就到了，包装太简陋,2025-11-25 20:21:58,1,未提及,未提及,未提及,未提及,未提及,未提及,正面,未提及,负面,未提及,负面,未提及,未提及,未提及,未提及,未提及,未提及,未提及
比超市贵多了。强烈推荐。,2024-12-26 20:21:58,1,未提及,未提及,未提及,未提及,未提及,未提及,未提及,负面,未提及,未提及,未提及,未提及,未提及,未提及,未提及,未提及,未提及,正面
快递给力，而且缺斤少两。,2025-07-27 20:21:58,1,未提及,未提及,未提及,未提及,未提及,未提及,正面,未提及,未提及,未提及,未提及,未提及,未提及,未提及,负面,未提及,未提及,未提及
比超市贵多了。,2025-08-25 20:21:58,1,未提及,未提及,未提及,未提及,未提及,未提及,未提及,负面,未提及,未提及,未提及,未提及,未提及,未提及,未提及,未提及,未提及,未提及
值得购买,2025-06-02 20:21:58,5,未提及,未提及,未提及,未提及,未提及,未提及,未提及,未提及,未提及,未提及,未提及,未提及,未提及,未提及,未提及,未提及,未提及,正面
个头太小了，客服爱答不理，物流太慢了,2025-01-24 20:21:58,1,未提及,未提及,未提及,未提及,负面,未提及,负面,未提及,未提及,未提及,未提及,未提及,未提及,未提及,负面,未提及,未提及,未提及
死贵死贵的,2025-11-29 20:21:58,1,未提及,未提及,未提及,未提及,未提及,未提及,未提及,负面,未提及,未提及,未提及,未提及,未提及,未提及,未提及,未提及,未提及,未提及
态度恶劣,2025-09-06 20:21:58,1,未提及,未提及,未提及,未提及,负面,未提及,未提及,未提及,未提及,未提及,未提及,未提及,未提及,未提及,未提及,未提及,未提及,未提及
有一股哈喇味，不过价格实惠,2025-03-14 20:21:58,1,未提及,未提及,未提及,未提及,未提及,未提及,未提及,正面,未提及,未提及,未提及,未提及,未提及,未提及,未提及,负面,未提及,未提及
服务热情，性价比极低，包装严实。,2025-12-14 20:21:58,1,未提及,未提及,未提及,未提及,正面,未提及,未提及,未提及,负面,未提及,正面,未提及,未提及,未提及,未提及,未提及,未提及,未提及
真的很好吃,2025-10-31 20:21:58,5,未提及,未提及,未提及,未提及,未提及,未提及,未提及,未提及,未提及,未提及,未提及,未提及,未提及,未提及,未提及,正面,未提及,未提及
客服态度很好，硬得咬不动。,2025-10-04 20:21:58,1,未提及,未提及,未提及,未提及,正面,未提及,未提及,未提及,未提及,未提及,未提及,未提及,未提及,未提及,未提及,负面,未提及,未提及
物流很快，分量对得起价格，送礼有面子,2025-03-21 20:21:58,5,未提及,未提及,未提及,未提及,未提及,未提及,正面,未提及,未提及,未提及,正面,未提及,未提及,未提及,正面,未提及,未提及,未提及
送礼有面子。,2025-10-21 20:21:58,5,未提及,未提及,未提及,未提及,未提及,未提及,未提及,未提及,未提及,未提及,正面,未提及,未提及,未提及,未提及,未提及,未提及,未提及
很划算,2025-07-06 20:21:58,5,未提及,未提及,未提及,未提及,未提及,未提及,未提及,未提及,正面,未提及,未提及,未提及,未提及,未提及,未提及,未提及,未提及,未提及
分量很足，而且机器人回复，气死人,2025-11-14 20:21:58,1,未提及,未提及,未提及,未提及,负面,未提及,未提及,未提及,未提及,未提及,未提及,未提及,未提及,未提及,正面,未提及,未提及,未提及
满满一大包,2025-12-02 20:21:58,5,未提及,未提及,未提及,未提及,未提及,未提及,未提及,未提及,未提及,未提及,未提及,未提及,未提及,未提及,正面,未提及,未提及,未提及
强烈推荐，而且客服很有耐心,2025-11-16 20:21:58,5,未提及,未提及,未提及,未提及,正面,未提及,未提及,未提及,未提及,未提及,未提及,未提及,未提及,未提及,未提及,未提及,未提及,正面
漏气了。,2025-02-19 20:21:58,1,未提及,未提及,未提及,未提及,未提及,未提及,未提及,未提及,未提及,未提及,负面,未提及,未提及,未提及,未提及,未提及,未提及,未提及
太难吃了，满满一大包，发货慢吞吞,2025-01-26 20:21:58,1,未提及,未提及,未提及,未提及,未提及,未提及,负面,未提及,未提及,未提及,未提及,未提及,未提及,未提及,正面,负面,未提及,未提及
还会再来，味道很正宗，性价比超高。,2025-02-04 20:21:58,5,未提及,未提及,未提及,未提及,未提及,未提及,未提及,未提及,正面,未提及,未提及,未提及,未提及,未提及,未提及,正面,未提及,正面
值得购买，口感像嚼蜡,2025-05-10 20:21:58,1,未提及,未提及,未提及,未提及,未提及,未提及,未提及,未提及,未提及,未提及,未提及,未提及,未提及,未提及,未提及,负面,未提及,正面
发货慢吞吞,2025-01-21 20:21:58,1,未提及,未提及,未提及,未提及,未提及,未提及,负面,未提及,未提及,未提及,未提及,未提及,未提及,未提及,未提及,未提及,未提及,未提及
快递给力。,2025-12-16 20:21:58,5,未提及,未提及,未提及,未提及,未提及,未提及,正面,未提及,未提及,未提及,未提及,未提及,未提及,未提及,未提及,未提及,未提及,未提及
不推荐购买，亏了，昨天下单今天就到了，不值这个钱,2025-05-21 20:21:58,1,未提及,未提及,未提及,未提及,未提及,未提及,正面,负面,负面,未提及,未提及,未提及,未提及,未提及,未提及,未提及,未提及,未提及
性价比极低，不值这个钱，售后处理及时。,2025-07-10 20:21:58,1,未提及,未提及,未提及,未提及,正面,未提及,未提及,负面,负面,未提及,未提及,未提及,未提及,未提及,未提及,未提及,未提及,未提及
口感像嚼蜡，白菜价。,2025-06-06 20:21:58,1,未提及,未提及,未提及,未提及,未提及,未提及,未提及,正面,未提及,未提及,未提及,未提及,未提及,未提及,未提及,负面,未提及,未提及
还会再来，售后处理及时，白菜价。,2025-05-26 20:21:58,5,未提及,未提及,未提及,未提及,正面,未提及,未提及,正面,未提及,未提及,未提及,未提及,未提及,未提及,未提及,未提及,未提及,正面
分量太少了，而且价格实惠,2025-07-04 20:21:58,1,未提及,未提及,未提及,未提及,未提及,未提及,未提及,正面,未提及,未提及,未提及,未提及,未提及,未提及,负面,未提及,未提及,未提及
售后处理及时，但是强烈推荐,2025-02-08 20:21:58,5,未提及,未提及,未提及,未提及,正面,未提及,未提及,未提及,未提及,未提及,未提及,未提及,未提及,未提及,未提及,未提及,未提及,正面
物流很快，不过半天不回消息,2025-07-20 20:21:58,1,未提及,未提及,未提及,未提及,负面,未提及,正面,未提及,未提及,未提及,未提及,未提及,未提及,未提及,未提及,未提及,未提及,未提及
服务热情，一点都不新鲜，价格有点高,2025-08-16 20:21:58,1,未提及,未提及,未提及,未提及,正面,未提及,未提及,负面,未提及,未提及,未提及,未提及,未提及,未提及,未提及,负面,未提及,未提及
物超所值,2025-08-29 20:21:58,5,未提及,未提及,未提及,未提及,未提及,未提及,未提及,未提及,正面,未提及,未提及,未提及,未提及,未提及,未提及,未提及,未提及,未提及
快递在路上停了三天。值得购买,2025-04-27 20:21:58,1,未提及,未提及,未提及,未提及,未提及,未提及,负面,未提及,未提及,未提及,未提及,未提及,未提及,未提及,未提及,未提及,未提及,正面
发货慢吞吞，买到就是赚到,2025-10-05 20:21:58,1,未提及,未提及,未提及,未提及,未提及,未提及,负面,未提及,正面,未提及,未提及,未提及,未提及,未提及,未提及,未提及,未提及,未提及
物超所值，包装太简陋，值得购买,2025-01-13 20:21:58,1,未提及,未提及,未提及,未提及,未提及,未提及,未提及,未提及,正面,未提及,负面,未提及,未提及,未提及,未提及,未提及,未提及,正面
挺便宜的，味道很正宗，分量很足,2025-02-02 20:21:58,5,未提及,未提及,未提及,未提及,未提及,未提及,未提及,正面,未提及,未提及,未提及,未提及,未提及,未提及,正面,正面,未提及,未提及
味道绝绝子，以后不会再来了，性价比极低,2025-05-10 20:21:58,1,未提及,未提及,未提及,未提及,未提及,未提及,未提及,未提及,负面,未提及,未提及,未提及,未提及,未提及,未提及,正面,未提及,负面
发货慢吞吞，包装精美，比超市贵多了,2025-10-27 20:21:58,1,未提及,未提及,未提及,未提及,未提及,未提及,负面,负面,未提及,未提及,正面,未提及,未提及,未提及,未提及,未提及,未提及,未提及
漏气了，不过白菜价,2025-01-24 20:21:58,1,未提及,未提及,未提及,未提及,未提及,未提及,未提及,正面,未提及,未提及,负面,未提及,未提及,未提及,未提及,未提及,未提及,未提及
机器人回复，气死人，分量很足。,2025-05-27 20:21:58,1,未提及,未提及,未提及,未提及,负面,未提及,未提及,未提及,未提及,未提及,未提及,未提及,未提及,未提及,正面,未提及,未提及,未提及
硬得咬不动，而且态度恶劣,2025-06-14 20:21:58,1,未提及,未提及,未提及,未提及,负面,未提及,未提及,未提及,未提及,未提及,未提及,未提及,未提及,未提及,未提及,负面,未提及,未提及
分量很足，口感丰富，层次分明，发货慢吞吞,2025-04-23 20:21:58,1,未提及,未提及,未提及,未提及,未提及,未提及,负面,未提及,未提及,未提及,未提及,未提及,未提及,未提及,正面,正面,未提及,未提及
避雷。客服爱答不理。,2025-07-17 20:21:58,1,未提及,未提及,未提及,未提及,负面,未提及,未提及,未提及,未提及,未提及,未提及,未提及,未提及,未提及,未提及,未提及,未提及,负面
客服态度很好,2025-08-04 20:21:58,5,未提及,未提及,未提及,未提及,正面,未提及,未提及,未提及,未提及,未提及,未提及,未提及,未提及,未提及,未提及,未提及,未提及,未提及
包装破损,2025-02-07 20:21:58,1,未提及,未提及,未提及,未提及,未提及,未提及,未提及,未提及,未提及,未提及,负面,未提及,未提及,未提及,未提及,未提及,未提及,未提及
太甜了，腻死人,2025-05-04 20:21:58,1,未提及,未提及,未提及,未提及,未提及,未提及,未提及,未提及,未提及,未提及,未提及,未提及,未提及,未提及,未提及,负面,未提及,未提及
物流太慢了,2025-06-23 20:21:58,1,未提及,未提及,未提及,未提及,未提及,未提及,负面,未提及,未提及,未提及,未提及,未提及,未提及,未提及,未提及,未提及,未提及,未提及
个头太小了，不过包装太简陋,2025-11-26 20:21:58,1,未提及,未提及,未提及,未提及,未提及,未提及,未提及,未提及,未提及,未提及,负面,未提及,未提及,未提及,负面,未提及,未提及,未提及
别买，死贵死贵的,2025-11-12 20:21:58,1,未提及,未提及,未提及,未提及,未提及,未提及,未提及,负面,未提及,未提及,未提及,未提及,未提及,未提及,未提及,未提及,未提及,负面
分量很足,2025-03-25 20:21:58,5,未提及,未提及,未提及,未提及,未提及,未提及,未提及,未提及,未提及,未提及,未提及,未提及,未提及,未提及,正面,未提及,未提及,未提及
送礼有面子，但是咸淡适中，味道刚好。,2025-04-15 20:21:58,5,未提及,未提及,未提及,未提及,未提及,未提及,未提及,未提及,未提及,未提及,正面,未提及,未提及,未提及,未提及,正面,未提及,未提及
避雷。性价比超高,2025-10-25 20:21:58,1,未提及,未提及,未提及,未提及,未提及,未提及,未提及,未提及,正面,未提及,未提及,未提及,未提及,未提及,未提及,未提及,未提及,负面
昨天下单今天就到了,2025-06-12 20:21:58,5,未提及,未提及,未提及,未提及,未提及,未提及,正面,未提及,未提及,未提及,未提及,未提及,未提及,未提及,未提及,未提及,未提及,未提及
售后处理及时，不过智商税,2025-02-04 20:21:58,1,未提及,未提及,未提及,未提及,正面,未提及,未提及,未提及,负面,未提及,未提及,未提及,未提及,未提及,未提及,未提及,未提及,未提及
性价比极低，不值这个钱，物流太慢了,2025-03-26 20:21:58,1,未提及,未提及,未提及,未提及,未提及,未提及,负面,负面,负面,未提及,未提及,未提及,未提及,未提及,未提及,未提及,未提及,未提及
服务热情,2025-06-12 20:21:58,5,未提及,未提及,未提及,未提及,正面,未提及,未提及,未提及,未提及,未提及,未提及,未提及,未提及,未提及,未提及,未提及,未提及,未提及
物超所值,2025-05-07 20:21:58,5,未提及,未提及,未提及,未提及,未提及,未提及,未提及,未提及,正面,未提及,未提及,未提及,未提及,未提及,未提及,未提及,未提及,未提及
硬得咬不动，快递在路上停了三天，送礼有面子。,2025-01-27 20:21:58,1,未提及,未提及,未提及,未提及,未提及,未提及,负面,未提及,未提及,未提及,正面,未提及,未提及,未提及,未提及,负面,未提及,未提及
物流太慢了，客服态度很好，以后不会再来了,2025-05-03 20:21:58,1,未提及,未提及,未提及,未提及,正面,未提及,负面,未提及,未提及,未提及,未提及,未提及,未提及,未提及,未提及,未提及,未提及,负面
物超所值，死贵死贵的,2025-05-01 20:21:58,1,未提及,未提及,未提及,未提及,未提及,未提及,未提及,负面,正面,未提及,未提及,未提及,未提及,未提及,未提及,未提及,未提及,未提及
售后处理及时，物超所值，个头很大。,2025-06-16 20:21:58,5,未提及,未提及,未提及,未提及,正面,未提及,未提及,未提及,正面,未提及,未提及,未提及,未提及,未提及,正面,未提及,未提及,未提及
物流很快,2025-09-28 20:21:58,5,未提及,未提及,未提及,未提及,未提及,未提及,正面,未提及,未提及,未提及,未提及,未提及,未提及,未提及,未提及,未提及,未提及,未提及
客服态度很好,2025-07-28 20:21:58,5,未提及,未提及,未提及,未提及,正面,未提及,未提及,未提及,未提及,未提及,未提及,未提及,未提及,未提及,未提及,未提及,未提及,未提及
发货慢吞吞,2025-02-25 20:21:58,1,未提及,未提及,未提及,未提及,未提及,未提及,负面,未提及,未提及,未提及,未提及,未提及,未提及,未提及,未提及,未提及,未提及,未提及
包装严实，而且智商税,2025-12-14 20:21:58,1,未提及,未提及,未提及,未提及,未提及,未提及,未提及,未提及,负面,未提及,正面,未提及,未提及,未提及,未提及,未提及,未提及,未提及
个头很大，包装破损，发货速度神速,2025-06-28 20:21:58,1,未提及,未提及,未提及,未提及,未提及,未提及,正面,未提及,未提及,未提及,负面,未提及,未提及,未提及,正面,未提及,未提及,未提及
分量太少了，态度恶劣，盒子很好看,2025-06-17 20:21:58,1,未提及,未提及,未提及,未提及,负面,未提及,未提及,未提及,未提及,未提及,正面,未提及,未提及,未提及,负面,未提及,未提及,未提及
物流太慢了,2025-07-04 20:21:58,1,未提及,未提及,未提及,未提及,未提及,未提及,负面,未提及,未提及,未提及,未提及,未提及,未提及,未提及,未提及,未提及,未提及,未提及
发货慢吞吞,2025-03-21 20:21:58,1,未提及,未提及,未提及,未提及,未提及,未提及,负面,未提及,未提及,未提及,未提及,未提及,未提及,未提及,未提及,未提及,未提及,未提及
口感丰富，层次分明，但是不推荐购买，亏了,2025-08-29 20:21:58,1,未提及,未提及,未提及,未提及,未提及,未提及,未提及,未提及,负面,未提及,未提及,未提及,未提及,未提及,未提及,正面,未提及,未提及
客服态度很好，不过快递在路上停了三天。,2025-06-05 20:21:58,1,未提及,未提及,未提及,未提及,正面,未提及,负面,未提及,未提及,未提及,未提及,未提及,未提及,未提及,未提及,未提及,未提及,未提及
等了一个世纪,2025-02-01 20:21:58,1,未提及,未提及,未提及,未提及,未提及,未提及,负面,未提及,未提及,未提及,未提及,未提及,未提及,未提及,未提及,未提及,未提及,未提及
分量太少了，太贵了，以后不会再来了,2025-07-19 20:21:58,1,未提及,未提及,未提及,未提及,未提及,未提及,未提及,负面,未提及,未提及,未提及,未提及,未提及,未提及,负面,未提及,未提及,负面
机器人回复，气死人，但是昨天下单今天就到了,2025-01-05 20:21:58,1,未提及,未提及,未提及,未提及,负面,未提及,正面,未提及,未提及,未提及,未提及,未提及,未提及,未提及,未提及,未提及,未提及,未提及
不值这个钱，快递给力，售后处理及时,2025-01-22 20:21:58,1,未提及,未提及,未提及,未提及,正面,未提及,正面,负面,未提及,未提及,未提及,未提及,未提及,未提及,未提及,未提及,未提及,未提及
盒子很好看。昨天下单今天就到了,2025-01-25 20:21:58,5,未提及,未提及,未提及,未提及,未提及,未提及,正面,未提及,未提及,未提及,正面,未提及,未提及,未提及,未提及,未提及,未提及,未提及
发货慢吞吞，别买，半包都是空气,2025-09-20 20:21:58,1,未提及,未提及,未提及,未提及,未提及,未提及,负面,未提及,未提及,未提及,未提及,未提及,未提及,未提及,负面,未提及,未提及,负面
一点都不新鲜，物流很快，很划算,2025-02-08 20:21:58,1,未提及,未提及,未提及,未提及,未提及,未提及,正面,未提及,正面,未提及,未提及,未提及,未提及,未提及,未提及,负面,未提及,未提及
价格实惠，物流很快，有一股哈喇味,2025-09-12 20:21:58,1,未提及,未提及,未提及,未提及,未提及,未提及,正面,正面,未提及,未提及,未提及,未提及,未提及,未提及,未提及,负面,未提及,未提及
半天不回消息,2025-11-11 20:21:58,1,未提及,未提及,未提及,未提及,负面,未提及,未提及,未提及,未提及,未提及,未提及,未提及,未提及,未提及,未提及,未提及,未提及,未提及
太难吃了。智商税。,2025-02-21 20:21:58,1,未提及,未提及,未提及,未提及,未提及,未提及,未提及,未提及,负面,未提及,未提及,未提及,未提及,未提及,未提及,负面,未提及,未提及
太甜了，腻死人，不过价格便宜,2025-03-28 20:21:58,1,未提及,未提及,未提及,未提及,未提及,未提及,未提及,正面,未提及,未提及,未提及,未提及,未提及,未提及,未提及,负面,未提及,未提及
箱子压扁了,2025-09-29 20:21:58,1,未提及,未提及,未提及,未提及,未提及,未提及,未提及,未提及,未提及,未提及,负面,未提及,未提及,未提及,未提及,未提及,未提及,未提及
智商税，服务热情，家里人都爱吃,2025-01-12 20:21:58,1,未提及,未提及,未提及,未提及,正面,未提及,未提及,未提及,负面,未提及,未提及,未提及,未提及,未提及,未提及,正面,未提及,未提及
入口即化，太香了，包装精美，物流很快,2024-12-17 20:21:58,5,未提及,未提及,未提及,未提及,未提及,未提及,正面,未提及,未提及,未提及,正面,未提及,未提及,未提及,未提及,正面,未提及,未提及
发货慢吞吞,2025-03-26 20:21:58,1,未提及,未提及,未提及,未提及,未提及,未提及,负面,未提及,未提及,未提及,未提及,未提及,未提及,未提及,未提及,未提及,未提及,未提及
不值这个钱，机器人回复，气死人，个头太小了,2025-05-28 20:21:58,1,未提及,未提及,未提及,未提及,负面,未提及,未提及,负面,未提及,未提及,未提及,未提及,未提及,未提及,负面,未提及,未提及,未提及
满满一大包，性价比极低，快递给力,2025-06-16 20:21:58,1,未提及,未提及,未提及,未提及,未提及,未提及,正面,未提及,负面,未提及,未提及,未提及,未提及,未提及,正面,未提及,未提及,未提及
价格实惠。盒子很好看,2025-09-02 20:21:58,5,未提及,未提及,未提及,未提及,未提及,未提及,未提及,正面,未提及,未提及,正面,未提及,未提及,未提及,未提及,未提及,未提及,未提及
发货速度神速，别买，态度恶劣,2025-10-05 20:21:58,1,未提及,未提及,未提及,未提及,负面,未提及,正面,未提及,未提及,未提及,未提及,未提及,未提及,未提及,未提及,未提及,未提及,负面
别买，但是太贵了。,2025-03-01 20:21:58,1,未提及,未提及,未提及,未提及,未提及,未提及,未提及,负面,未提及,未提及,未提及,未提及,未提及,未提及,未提及,未提及,未提及,负面
分量对得起价格，但是等了一个世纪,2025-11-15 20:21:58,1,未提及,未提及,未提及,未提及,未提及,未提及,负面,未提及,未提及,未提及,未提及,未提及,未提及,未提及,正面,未提及,未提及,未提及
半包都是空气，而且味道很怪,2025-06-15 20:21:58,1,未提及,未提及,未提及,未提及,未提及,未提及,未提及,未提及,未提及,未提及,未提及,未提及,未提及,未提及,负面,负面,未提及,未提及
包装太简陋，售后处理及时。,2025-07-25 20:21:58,1,未提及,未提及,未提及,未提及,正面,未提及,未提及,未提及,未提及,未提及,负面,未提及,未提及,未提及,未提及,未提及,未提及,未提及
口感丰富，层次分明，强烈推荐，满满一大包,2025-05-18 20:21:58,5,未提及,未提及,未提及,未提及,未提及,未提及,未提及,未提及,未提及,未提及,未提及,未提及,未提及,未提及,正面,正面,未提及,正面
性价比超高，全是包装袋，包装严实。,2025-10-18 20:21:58,1,未提及,未提及,未提及,未提及,未提及,未提及,未提及,未提及,正面,未提及,正面,未提及,未提及,未提及,负面,未提及,未提及,未提及
